Book Id,Title,Author,Author l-f,Additional Authors,ISBN,ISBN13,My Rating,Average Rating,Publisher,Binding,Number of Pages,Year Published,Original Publication Year,Date Read,Date Added,Bookshelves,Bookshelves with positions,Exclusive Shelf,My Review,Spoiler,Private Notes,Read Count,Recommended For,Recommended By,Owned Copies,Original Purchase Date,Original Purchase Location,Condition,Condition Description,BCID
54120408,Klara and the Sun,Kazuo Ishiguro,"Ishiguro, Kazuo",,"=""059331817X""","=""9780593318171""",0,3.79,Alfred A. Knopf,Hardcover,303,2021,2021,,2022/04/02,currently-reading,currently-reading (#3),currently-reading,,,,1,,,0,,,,,
6443834,"1Q84 Book 1 (1Q84, #1)",Haruki Murakami,"Murakami, Haruki",村上 春樹,"=""4103534222""","=""9784103534228""",0,4.01,Shinchosha/Tsai Fong Books,Hardcover,554,2009,2009,,2022/03/15,to-read,to-read (#154),to-read,,,,0,,,0,,,,,
11297,Norwegian Wood,Haruki Murakami,"Murakami, Haruki",Jay Rubin,"=""0375704027""","=""9780375704024""",3,4.03,Vintage Books,Paperback,296,2000,1987,2022/03/15,2016/02/23,,,read,,,,1,,,0,,,,,
179133,Domain-Driven Design: Tackling Complexity in the Heart of Software,Eric Evans,"Evans, Eric",,"=""0321125215""","=""9780321125217""",0,4.16,Addison-Wesley Professional,Hardcover,560,2003,2003,,2022/01/10,currently-reading,currently-reading (#2),currently-reading,,,,1,,,0,,,,,
22512931,Building Microservices: Designing Fine-Grained Systems,Sam Newman,"Newman, Sam",,"=""1491950358""","=""9781491950357""",4,4.20,O'Reilly Media,Paperback,262,2015,2014,2022/01/05,2021/11/10,,,read,,,,1,,,0,,,,,
39793332,Designing Event-Driven Systems,Ben Stopford,"Stopford, Ben",,"=""""","=""9781492038221""",3,3.84,O'Reilly Media,ebook,166,2018,,2021/12/15,2021/11/26,,,read,,,,1,,,0,,,,,
58128,Head First Design Patterns,Eric Freeman,"Freeman, Eric","Kathy Sierra, Bert Bates, Elisabeth Robson","=""0596007124""","=""9780596007126""",2,4.29,O'Reilly Media,Paperback,638,2004,2004,2021/11/10,2021/10/23,,,read,,,,1,,,0,,,,,
10507,Baudolino,Umberto Eco,"Eco, Umberto",William Weaver,"=""0156029065""","=""9780156029063""",3,3.77,"Harcourt, Inc.",Paperback,527,2003,2000,2021/10/23,2018/12/30,,,read,,,,1,,,0,,,,,
28923,When We Were Orphans,Kazuo Ishiguro,"Ishiguro, Kazuo",,"=""0571225403""","=""9780571225408""",3,3.52,Faber & Faber,Paperback,320,2007,,,2019/06/18,,,read,,,,1,,,0,,,,,
30976848,Bella Germania,Daniel Speck,"Speck, Daniel",,"=""3596295963""","=""9783596295968""",0,4.20,Fischer,Paperback,624,2016,2016,,2021/04/30,currently-reading,currently-reading (#1),currently-reading,,,,1,,,0,,,,,
28921,The Remains of the Day,Kazuo Ishiguro,"Ishiguro, Kazuo",نجف دریابندری,"=""""","=""""",5,4.14,Faber & Faber,Paperback,258,2005,1989,2021/04/23,2017/10/06,,,read,,,,1,,,0,,,,,
11566,The Green Mile,Stephen King,"King, Stephen",,"=""0451933028""","=""9780451933027""",4,4.46,Penguin Signet,Paperback,592,1996,1996,2021/04/02,2021/03/17,,,read,,,,1,,,0,,,,,
24959245,Господин из Сан-Франциско,Ivan Alekseyevich Bunin,"Bunin, Ivan Alekseyevich",Иван Алексеевич Бунин,"=""""","=""""",2,3.64,Общественное достояние,Kindle Edition,23,,1915,,2021/03/19,,,read,,,,1,,,0,,,,,
23692271,Sapiens: A Brief History of Humankind,Yuval Noah Harari,"Harari, Yuval Noah",Prottasha Prachurjo Sayed Fayej Ahmed,"=""""","=""""",4,4.39,Vintage,Paperback,512,2015,2011,2021/03/17,2018/08/18,,,read,,,,1,,,0,,,,,
3,"Harry Potter and the Sorcerer's Stone (Harry Potter, #1)",J.K. Rowling,"Rowling, J.K.",,"=""""","=""""",4,4.48,Scholastic Inc,Hardcover,309,2003,1997,,2020/05/26,,,read,,,,1,,,0,,,,,
22522805,The Buried Giant,Kazuo Ishiguro,"Ishiguro, Kazuo",,"=""030727103X""","=""9780307271037""",4,3.55,Alfred A. Knopf,Hardcover,317,2015,2015,,2017/10/06,,,read,,,,1,,,0,,,,,
25767311,Доктор Живаго,Boris Pasternak,"Pasternak, Boris",Борис Пастернак,"=""""","=""9785080050824""",3,4.01,,,606,2013,1957,,2016/09/21,,,read,,,,1,,,0,,,,,
39907554,Воспоминания великого князя Александра Михайловича Романова,Александр Романов,"Романов, Александр",,"=""""","=""9785496014007""",3,4.78,Питер,Hardcover,320,2015,,2020/06/09,2020/06/06,,,read,,,,1,,,0,,,,,
890,Of Mice and Men,John Steinbeck,"Steinbeck, John",,"=""0142000671""","=""9780142000670""",0,3.88,Penguin Books,Paperback,112,2002,1937,,2020/05/26,to-read,to-read (#153),to-read,,,,0,,,0,,,,,
1168487,Der Schwarm,Frank Schätzing,"Schätzing, Frank",,"=""3596164532""","=""9783596164530""",0,4.08,Fischer Taschenbuch Verlag,Paperback,987,2005,2004,,2020/05/26,to-read,to-read (#152),to-read,,,,0,,,0,,,,,
672948,Arch of Triumph: A Novel of a Man Without a Country,Erich Maria Remarque,"Remarque, Erich Maria",,"=""""","=""""",4,4.42,Random House Trade Paperbacks,Paperback,464,1998,1945,,2013/05/29,,,read,,,,1,,,0,,,,,
4511169,Обитаемый остров,Arkady Strugatsky,"Strugatsky, Arkady","Boris Strugatsky, Аркадий Стругацкий, Борис Стругацкий","=""5170409583""","=""9785170409587""",3,4.27,АСТ,Hardcover,416,2008,1967,,2010/08/26,,,read,,,,1,,,0,,,,,
8253920,"Towers of Midnight (The Wheel of Time, #13)",Robert Jordan,"Jordan, Robert",Brandon Sanderson,"=""0765325942""","=""9780765325945""",3,4.44,Tom Doherty Associates TOR Fantasy,Hardcover,863,2010,2010,,2013/05/19,,,read,,,,1,,,0,,,,,
5948498,Отягощенные злом,Arkady Strugatsky,"Strugatsky, Arkady","Boris Strugatsky, Аркадий Стругацкий, Борис Стругацкий","=""""","=""""",3,4.15,"ИД ""Равновесие""",Audio CD,,,1988,,2013/02/12,,,read,,,,1,,,0,,,,,
331256,Roadside Picnic,Arkady Strugatsky,"Strugatsky, Arkady","Boris Strugatsky, Theodore Sturgeon, Antonina W. Bouis","=""0575070536""","=""9780575070530""",4,4.16,Gollancz,Paperback,145,2000,1972,,2010/08/26,,,read,,,,1,,,0,,,,,
5948515,Хромая судьба,Arkady Strugatsky,"Strugatsky, Arkady",Boris Strugatsky,"=""""","=""""",4,4.16,"ИД ""Равновесие""",Audio CD,,,1986,,2013/02/12,,,read,,,,1,,,0,,,,,
1442235,Понедельник начинается в субботу,Arkady Strugatsky,"Strugatsky, Arkady","Boris Strugatsky, Аркадий Стругацкий, Борис Стругацкий","=""5968000236""","=""9785968000231""",3,4.21,Пан Пресс,Hardcover,276,2006,1965,,2010/08/26,,,read,,,,1,,,0,,,,,
800586,Chevengur,Andrei Platonov,"Platonov, Andrei",Anthony Olcott,"=""0882333097""","=""9780882333090""",1,4.23,Ardis,Hardcover,333,1978,1928,2019/12/16,2015/08/04,,,read,,,,1,,,0,,,,,
35231,"Lord of Chaos (The Wheel of Time, #6)",Robert Jordan,"Jordan, Robert",,"=""0812513754""","=""9780812513752""",4,4.16,Tor Books,Mass Market Paperback,1011,1995,1994,,2013/03/05,,,read,,,,1,,,0,,,,,
13890,"A Crown of Swords (The Wheel of Time, #7)",Robert Jordan,"Jordan, Robert",,"=""0812550285""","=""9780812550283""",4,4.05,Tor Books,Mass Market Paperback,880,1997,1996,,2013/03/05,,,read,,,,1,,,0,,,,,
759514,Beetle in the Anthill,Arkady Strugatsky,"Strugatsky, Arkady","Boris Strugatsky, Richard M. Powers","=""0026151200""","=""9780026151207""",4,4.25,Macmillan Publishing Co.,Hardcover,217,1980,1979,,2013/02/12,,,read,,,,1,,,0,,,,,
64222,"Going Postal (Discworld, #33; Moist von Lipwig, #1)",Terry Pratchett,"Pratchett, Terry",,"=""0060502932""","=""9780060502935""",4,4.38,HarperTorch,Mass Market Paperback,394,2005,2004,2015/08/19,2014/12/25,,,read,,,,1,,,0,,,,,
13895,"The Fires of Heaven (The Wheel of Time, #5)",Robert Jordan,"Jordan, Robert",,"=""1857232097""","=""9781857232097""",4,4.17,Orbit,Paperback,912,1994,1993,,2013/03/05,,,read,,,,1,,,0,,,,,
653559,Sherlock Holmes and the Case of the Hound of the Baskervilles,Malvina G. Vogel,"Vogel, Malvina G.",Arthur Conan Doyle,"=""0866114262""","=""9780866114264""",3,4.52,"Moby Books/Playmore, Inc./I. Waldman & Son, Inc.",Paperback,233,1977,1977,,2013/07/14,,,read,,,,1,,,0,,,,,
626685,Selected Poems,Marina Tsvetaeva,"Tsvetaeva, Marina",Elaine Feinstein,"=""0140187596""","=""9780140187595""",3,4.33,Penguin Classics,Paperback,160,1994,1971,,2013/07/14,,,read,,,,1,,,0,,,,,
47989,"Night Watch (Discworld, #29; City Watch, #6)",Terry Pratchett,"Pratchett, Terry",,"=""055215430X""","=""9780552154307""",4,4.47,Corgi,Paperback,480,2011,2002,2015/06/22,2014/12/25,,,read,,,,1,,,0,,,,,
29582,Foundation and Earth (Foundation #5),Isaac Asimov,"Asimov, Isaac",,"=""0553587579""","=""9780553587579""",4,4.06,Spectra,Paperback,500,2004,1986,,2013/05/20,,,read,,,,1,,,0,,,,,
2788798,Футурологический конгресс. Осмотр на месте. Мир на земле,Stanisław Lem,"Lem, Stanisław",,"=""5170143627""","=""""",4,4.51,АСТ,Hardcover,640,2003,,,2013/11/26,,,read,,,,1,,,0,,,,,
140974,"The Path of Daggers (The Wheel of Time, #8)",Robert Jordan,"Jordan, Robert",,"=""0812550293""","=""9780812550290""",4,3.92,Tor Books,Mass Market Paperback,685,1999,1998,,2013/03/05,,,read,,,,1,,,0,,,,,
77565,"The Fall of Hyperion (Hyperion Cantos, #2)",Dan Simmons,"Simmons, Dan",,"=""0553288202""","=""9780553288209""",4,4.22,Spectra Books,Mass Market Paperback,517,1995,1990,,2013/05/20,,,read,,,,1,,,0,,,,,
18373,Flowers for Algernon,Daniel Keyes,"Keyes, Daniel",,"=""""","=""""",4,4.17,Harvest Books,Paperback,311,2005,1959,2013/08/06,2013/07/31,,,read,,,,1,,,0,,,,,
95558,Solaris,Stanisław Lem,"Lem, Stanisław","Steve Cox, Joanna Kilmartin","=""""","=""""",4,3.99,Harcourt,Paperback,204,2002,1961,,2013/05/20,,,read,,,,1,,,0,,,,,
113205,Heart of a Dog,Mikhail Bulgakov,"Bulgakov, Mikhail",Mirra Ginsburg,"=""0802150594""","=""9780802150592""",4,4.12,Grove Press,Paperback,123,1994,1925,,2013/05/23,,,read,,,,1,,,0,,,,,
30,J.R.R. Tolkien 4-Book Boxed Set: The Hobbit and The Lord of the Rings,J.R.R. Tolkien,"Tolkien, J.R.R.",,"=""0345538374""","=""9780345538376""",3,4.60,Ballantine Books,Mass Market Paperback,1728,2012,1955,,2014/03/18,,,read,,,,1,,,0,,,,,
34,"The Fellowship of the Ring (The Lord of the Rings, #1)",J.R.R. Tolkien,"Tolkien, J.R.R.","Francis Ledoux, Maria Skibniewska","=""0618346252""","=""9780618346257""",3,4.38,Houghton Mifflin Harcourt,Paperback,398,2003,1954,,2010/08/26,,,read,,,,1,,,0,,,,,
29580,Second Foundation (Foundation #3),Isaac Asimov,"Asimov, Isaac",,"=""0553803735""","=""9780553803730""",3,4.26,Bantam Spectra,Hardcover,256,2004,1953,,2013/05/20,,,read,,,,1,,,0,,,,,
759517,Hard to Be a God,Arkady Strugatsky,"Strugatsky, Arkady",Boris Strugatsky,"=""0816491216""","=""9780816491216""",4,4.17,Seabury Press,Hardcover,219,1973,1964,,2010/08/26,,,read,,,,1,,,0,,,,,
25048853,Роковые яйца,Mikhail Bulgakov,"Bulgakov, Mikhail",,"=""""","=""""",3,3.77,GB Software,Kindle Edition,100,2014,1923,,2016/09/01,,,read,,,,1,,,0,,,,,
46654,"The Foundation Trilogy (Foundation, #1-3)",Isaac Asimov,"Asimov, Isaac",,"=""0380508567""","=""9780380508563""",4,4.41,,Paperback,679,1974,1953,,2013/05/20,,,read,,,,1,,,0,,,,,
2844314,Солярис. Эдем,Stanisław Lem,"Lem, Stanisław",,"=""""","=""""",4,4.35,,,,,,,2013/11/26,,,read,,,,1,,,0,,,,,
47990,"Jingo (Discworld, #21; City Watch, #4)",Terry Pratchett,"Pratchett, Terry",,"=""0552154164""","=""9780552154161""",4,4.16,Corgi Books,Paperback,461,2006,1997,2015/02/10,2014/12/25,,,read,,,,1,,,0,,,,,
119073,The Name of the Rose,Umberto Eco,"Eco, Umberto",William Weaver,"=""0156001314""","=""9780156001311""",4,4.13,Harvest Books,Paperback,536,1994,1980,2018/05/09,2016/02/23,,,read,,,,1,,,0,,,,,
53064,Death in Venice and Other Tales,Thomas Mann,"Mann, Thomas",Joachim Neugroschel,"=""0141181737""","=""9780141181738""",2,3.91,Penguin Classics,Paperback,384,1999,1911,2019/10/18,2019/10/10,,,read,,,,1,,,0,,,,,
11289,"The Rise of Endymion (Hyperion Cantos, #4)",Dan Simmons,"Simmons, Dan",,"=""0553572989""","=""9780553572988""",4,4.17,Spectra,Mass Market Paperback,709,1998,1997,,2013/07/07,,,read,,,,1,,,0,,,,,
9539,"The Shadow Rising (The Wheel of Time, #4)",Robert Jordan,"Jordan, Robert",,"=""0812513738""","=""9780812513738""",4,4.26,Tom Doherty Tor Fantasy,Mass Market Paperback,1007,1993,1992,,2013/03/05,,,read,,,,1,,,0,,,,,
12296,The Scarlet Letter,Nathaniel Hawthorne,"Hawthorne, Nathaniel","Thomas E. Connolly, Nina Baym","=""0142437263""","=""9780142437261""",1,3.43,Penguin Books,Paperback,279,2003,1850,2019/10/09,2019/08/21,,,read,,,,1,,,0,,,,,
30013,Prelude to Foundation,Isaac Asimov,"Asimov, Isaac",,"=""""","=""""",4,4.14,Voyager,Paperback,464,1994,1988,,2013/05/20,,,read,,,,1,,,0,,,,,
13023,Alice in Wonderland,Jane Carruth,"Carruth, Jane","Lewis Carroll, Rene Cloke","=""0517223627""","=""9780517223628""",4,4.03,Gramercy Books,Hardcover,92,2004,1865,,2016/09/01,,,read,,,,1,,,0,,,,,
15241,"The Two Towers (The Lord of the Rings, #2)",J.R.R. Tolkien,"Tolkien, J.R.R.","Peter S. Beagle, Дж.Р.Р. Толкін, Аліна Немірова, П. Риженко","=""0618346260""","=""9780618346264""",4,4.46,Houghton Mifflin,Paperback,322,2003,1954,,2013/02/12,,,read,,,,1,,,0,,,,,
18512,"The Return of the King (The Lord of the Rings, #3)",J.R.R. Tolkien,"Tolkien, J.R.R.",Maria Skibniewska,"=""""","=""""",4,4.55,Del Rey,Mass Market Paperback,404,2003,1955,,2013/02/12,,,read,,,,1,,,0,,,,,
10155,The Lost World (Professor Challenger #1),Arthur Conan Doyle,"Doyle, Arthur Conan",,"=""0812967259""","=""9780812967258""",2,3.93,Modern Library,Paperback,272,2003,1912,,2013/05/29,,,read,,,,1,,,0,,,,,
5107,The Catcher in the Rye,J.D. Salinger,"Salinger, J.D.",,"=""0316769177""","=""9780316769174""",4,3.81,Back Bay Books,Paperback,277,2001,1951,,2010/08/26,,,read,,,,1,,,0,,,,,
3038666,Человек в футляре (Сборник),Anton Chekhov,"Chekhov, Anton",Антон Павлович Чехов,"=""5170319576""","=""""",2,4.17,"АСТ, Астрель",Hardcover,573,2011,1898,,2013/02/12,,,read,,,,1,,,0,,,,,
295,Treasure Island,Robert Louis Stevenson,"Stevenson, Robert Louis",Martha,"=""0753453800""","=""9780753453803""",2,3.84,Kingfisher,Hardcover,311,2001,1883,,2013/07/14,,,read,,,,1,,,0,,,,,
944073,"The Blade Itself (The First Law, #1)",Joe Abercrombie,"Abercrombie, Joe",,"=""0575079797""","=""9780575079793""",1,4.18,Gollancz,Paperback,515,2007,2006,2019/08/19,2016/03/22,,,read,,,,1,,,0,,,,,
10511023,Apricot Jam: And Other Stories,Aleksandr Solzhenitsyn,"Solzhenitsyn, Aleksandr","Kenneth Lantz, Stephan Solzhenitsyn","=""1582436029""","=""9781582436029""",3,3.71,Counterpoint,Hardcover,375,2011,2008,2017/01/10,2017/01/10,,,read,,,,1,,,0,,,,,
6334,Never Let Me Go,Kazuo Ishiguro,"Ishiguro, Kazuo",,"=""""","=""""",4,3.84,Vintage Books ,Paperback,288,2010,2005,2019/07/04,2016/03/22,,,read,,,,1,,,0,,,,,
194366,"The Return of Sherlock Holmes (Sherlock Holmes, #6)",Arthur Conan Doyle,"Doyle, Arthur Conan","Angus Wilson, Richard Lancelyn Green, Owen Dudley Edwards","=""0192123173""","=""9780192123176""",3,4.29,Oxford University Press,Hardcover,455,1993,1904,,2013/05/29,,,read,,,,1,,,0,,,,,
28763,His Master's Voice,Stanisław Lem,"Lem, Stanisław",Michael Kandel,"=""0810117312""","=""9780810117310""",3,4.10,Northwestern University Press,Paperback,199,1999,1968,,2013/11/15,,,read,,,,1,,,0,,,,,
24213,Alice's Adventures in Wonderland / Through the Looking-Glass,Lewis Carroll,"Carroll, Lewis","John Tenniel, Martin Gardner","=""0451527747""","=""9780451527745""",4,4.06,Penguin Group (USA),Paperback,239,2000,1871,,2013/05/29,,,read,,,,1,,,0,,,,,
118413,The Bedbug and Selected Poetry,Vladimir Mayakovsky,"Mayakovsky, Vladimir","Patricia Blake, Max Hayward, George Reavey","=""0253201896""","=""9780253201898""",3,4.20,Indiana University Press,Paperback,320,1975,1929,,2013/07/14,,,read,,,,1,,,0,,,,,
3836,Don Quixote,Miguel de Cervantes Saavedra,"Saavedra, Miguel de Cervantes","Roberto González Echevarría, John Rutherford","=""0142437239""","=""9780142437230""",3,3.89,Penguin Books,Paperback,1023,2003,1605,,2013/05/24,,,read,,,,1,,,0,,,,,
41811,The Caves of Steel (Robot #1),Isaac Asimov,"Asimov, Isaac",,"=""""","=""""",3,4.18,Voyager,Mass Market Paperback,206,1997,1953,,2013/05/20,,,read,,,,1,,,0,,,,,
254308,Oblomov,Ivan Goncharov,"Goncharov, Ivan","Stephen Pearl, Galya Diment","=""1933480092""","=""9781933480091""",2,4.10,Bunim & Bannigan Ltd,Paperback,586,2006,1859,,2013/05/29,,,read,,,,1,,,0,,,,,
3590,"The Adventures of Sherlock Holmes (Sherlock Holmes, #3)",Arthur Conan Doyle,"Doyle, Arthur Conan",,"=""""","=""""",3,4.30,Oxford University Press,Paperback,389,1998,1892,,2013/05/29,,,read,,,,1,,,0,,,,,
2282267,Professor Dowell's Head,Alexander Belyaev,"Belyaev, Alexander","Antonina W. Bouis, Theodore Sturgeon, Richard M. Powers","=""0025083708""","=""9780025083707""",2,4.08,Macmillan Publishing,Hardcover,157,1980,1925,,2013/05/29,,,read,,,,1,,,0,,,,,
104696,Taras Bulba,Nikolai Gogol,"Gogol, Nikolai","David George Hogarth, Άρης Αλεξάνδρου","=""1406946168""","=""9781406946161""",2,3.72,Hard Press ,Paperback,228,2006,1835,,2013/05/20,,,read,,,,1,,,0,,,,,
195680,Village Evenings Near Dikanka and Mirgorod,Nikolai Gogol,"Gogol, Nikolai","Christopher English, Richard Peace","=""0192828800""","=""9780192828804""",2,4.20,"Oxford University Press, USA",Paperback,496,1994,1831,,2013/05/20,,,read,,,,1,,,0,,,,,
76171,We,Yevgeny Zamyatin,"Zamyatin, Yevgeny",Clarence Brown,"=""0140185852""","=""9780140185850""",2,3.91,Penguin Classics,Paperback,226,1993,1924,,2013/05/29,,,read,,,,1,,,0,,,,,
17361015,Ариэль,Alexander Belyaev,"Belyaev, Alexander",Александр Романович Беляев,"=""5458035046""","=""9785458035040""",2,3.97,Book on Demand Ltd.,Paperback,154,2013,1941,,2013/05/29,,,read,,,,1,,,0,,,,,
1254877,The Red-Headed League - a Sherlock Holmes Short Story (The Adventures of Sherlock Holmes #2),Arthur Conan Doyle,"Doyle, Arthur Conan",Hans Peterson,"=""0890613141""","=""9780890613146""",3,3.95,Jamestown Pubns,Audio Cassette,24,1984,1891,,2013/07/14,,,read,,,,1,,,0,,,,,
1243909,Приключения Чиполлино,Gianni Rodari,"Rodari, Gianni","Александр Алир, Džanni Rodāri, Silvija Ķuze, Джанни Родари, V. Sutejevs, D. Lapsa","=""5850662847""","=""9785850662844""",1,4.13,Самовар,,216,2007,1951,,2013/05/29,,,read,,,,1,,,0,,,,,
102868,"A Study in Scarlet (Sherlock Holmes, #1)",Arthur Conan Doyle,"Doyle, Arthur Conan",Martha,"=""1420925539""","=""9781420925531""",3,4.14,Digireads.com,Paperback,123,2005,1887,,2013/05/29,,,read,,,,1,,,0,,,,,
32829,Journey to the Center of the Earth,Jules Verne,"Verne, Jules",,"=""0553213970""","=""9780553213973""",2,3.86,Bantam,Paperback,240,2006,1864,,2015/08/04,,,read,,,,1,,,0,,,,,
1166599,"The Gathering Storm (The Wheel of Time, #12)",Robert Jordan,"Jordan, Robert",Brandon Sanderson,"=""0765302306""","=""9780765302304""",3,4.39,Tor Books,Hardcover,783,2009,2009,,2013/05/19,,,read,,,,1,,,0,,,,,
830502,It,Stephen King,"King, Stephen",,"=""0450411435""","=""9780450411434""",3,4.25,New English Library,Paperback,1116,1987,1986,,2016/02/23,,,read,,,,1,,,0,,,,,
158516,The Twelve Chairs,Ilya Ilf,"Ilf, Ilya","Yevgeny Petrov, Maurice Friedberg, John H.C. Richardson","=""0810114844""","=""9780810114845""",3,4.41,Northwestern University Press,Paperback,395,1997,1928,,2013/05/20,,,read,,,,1,,,0,,,,,
5470,1984,George Orwell,"Orwell, George","Erich Fromm, Regina Silveira, Amazing Améziane, Marcelo Pen, Irving Howe, Golo Mann, Raymond Williams, Thomas Pynchon, Homi K. Bhabha, Martha C. Nussbaum, Bernard Crick, George Packer","=""""","=""""",3,4.19,New American Library,Mass Market Paperback,328,1950,1949,,2010/08/26,,,read,,,,1,,,0,,,,,
3977,"Endymion (Hyperion Cantos, #3)",Dan Simmons,"Simmons, Dan",,"=""0553572946""","=""9780553572940""",4,4.18,Bantam Spectra,Mass Market Paperback,563,1996,1996,,2013/06/23,,,read,,,,1,,,0,,,,,
822115,The Complete Poems of Anna Akhmatova,Anna Akhmatova,"Akhmatova, Anna","Judith Hemschemeyer, Roberta Reeder","=""0939010275""","=""9780939010271""",3,4.43,Zephyr Press,Paperback,948,2000,1965,,2013/07/14,,,read,,,,1,,,0,,,,,
2956,The Adventures of Huckleberry Finn,Mark Twain,"Twain, Mark","Guy Cardwell, E.W. Kemble, John Seelye, Walter Trier, Martha, William Little Hughes","=""0142437174""","=""9780142437179""",2,3.82,Penguin Classics,Paperback,327,2002,1884,,2010/08/26,,,read,,,,1,,,0,,,,,
41804,"I, Robot (Robot, #0.1)",Isaac Asimov,"Asimov, Isaac",,"=""0553803700""","=""9780553803709""",3,4.21,Bantam Books,Hardcover,224,2004,1950,,2013/05/20,,,read,,,,1,,,0,,,,,
27822,Eugene Onegin,Alexander Pushkin,"Pushkin, Alexander",James E. Falen,"=""0192838997""","=""9780192838995""",2,4.10,Oxford University Press,Paperback,240,1998,1833,,2013/05/24,,,read,,,,1,,,0,,,,,
1255122,The Ugly Swans,Arkady Strugatsky,"Strugatsky, Arkady","Boris Strugatsky, Alice Stone Nakhimovsky, Alexander Nakhimovsky, Richard M. Powers","=""0020072406""","=""9780020072409""",4,4.27,Collier/Macmillan Publishing Co.,Paperback,234,1980,1972,,2010/08/26,,,read,,,,1,,,0,,,,,
76683,Foundation's Edge (Foundation #4),Isaac Asimov,"Asimov, Isaac",,"=""0553293389""","=""9780553293388""",3,4.15,Bantam/Spectra,Paperback,450,2010,1982,,2013/05/20,,,read,,,,1,,,0,,,,,
41821,The Gods Themselves,Isaac Asimov,"Asimov, Isaac",,"=""1857989341""","=""9781857989342""",3,4.09,Millenium,Paperback,288,2000,1972,,2013/05/20,,,read,,,,1,,,0,,,,,
29581,Foundation and Empire (Foundation #2),Isaac Asimov,"Asimov, Isaac",,"=""0553803727""","=""9780553803723""",4,4.22,Spectra Books,Hardcover,244,2004,1952,,2013/05/20,,,read,,,,1,,,0,,,,,
7190,"The Three Musketeers (The D'Artagnan Romances, #1)",Alexandre Dumas,"Dumas, Alexandre","Richard Pevear, Philip Bates, William Barrow, August Zoller, Marisa Zini, Moshe Ukle, Pierre Toutain-Dorbec, John      Lee, Jacques Georges Clemenc Le Clercq, Natalie Montoto, S.M. Sheley, Daniel Rasmusson, Louis Jourdan, Walter Covell, Michael Page, Brett Helquist, Michael York, Sylvie Thorel-Cailleteau, Milo Winter, Bill Homewood, Arthur Paul John Charles James Gore Sudley, S.N. Rizvi, Александр Дюма, Giorgio Manganelli, William Robson, Isabel Ely Lord","=""""","=""""",2,4.08,Modern Library,Paperback,625,2001,1844,,2013/05/24,,,read,,,,1,,,0,,,,,
733473,The Futurological Congress: From the Memoirs of Ijon Tichy,Stanisław Lem,"Lem, Stanisław",Michael Kandel,"=""0156340402""","=""9780156340403""",4,4.20,Mariner Books,Paperback,149,1985,1971,,2013/05/20,,,read,,,,1,,,0,,,,,
87346,The Cherry Orchard,Anton Chekhov,"Chekhov, Anton",Tom    Murphy,"=""0413774031""","=""9780413774033""",2,3.68,Bloomsbury Methuen Drama,Paperback,96,2004,1903,,2013/02/12,,,read,,,,1,,,0,,,,,
1567725,Град обреченный,Arkady Strugatsky,"Strugatsky, Arkady","Boris Strugatsky, Аркадий Стругацкий, Борис Стругацкий","=""5280012904""","=""""",3,4.22,Художественная литература,Paperback,384,1989,1989,,2010/08/26,,,read,,,,1,,,0,,,,,
5907,"The Hobbit, or There and Back Again",J.R.R. Tolkien,"Tolkien, J.R.R.","Douglas A. Anderson, Michael Hague, Jemima Catlin","=""""","=""""",3,4.28,Houghton Mifflin,Paperback,366,2002,1937,,2010/08/26,,,read,,,,1,,,0,,,,,
1546109,Мертвые души. Ревизор. Повести,Nikolai Gogol,"Gogol, Nikolai",,"=""5170275331""","=""""",2,4.24,AST,Hardcover,976,2005,1987,,2014/07/14,,,read,,,,1,,,0,,,,,
1535134,The Snail on the Slope,Arkady Strugatsky,"Strugatsky, Arkady",Boris Strugatsky,"=""0553131974""","=""9780553131970""",4,3.93,Bantam Books,Paperback,243,1983,1966,,2013/02/12,,,read,,,,1,,,0,,,,,
4381,Fahrenheit 451,Ray Bradbury,"Bradbury, Ray","Alfredo Crespo, V. Churginaitė","=""0307347974""","=""9780307347978""",4,3.98,DeBolsillo,Mass Market Paperback,158,2004,1953,,2010/08/26,,,read,,,,1,,,0,,,,,
226378,A Hero of Our Time,Mikhail Lermontov,"Lermontov, Mikhail",Paul Foote,"=""014044176X""","=""9780140441765""",2,4.11,Penguin Classics,Paperback,185,1966,1840,,2013/05/24,,,read,,,,1,,,0,,,,,
1479939,"Волшебник Изумрудного города (Волшебник Изумрудного города, #1)",Alexander Volkov,"Volkov, Alexander",Александр  Волков,"=""589537686X""","=""9785895376867""",2,4.30,Стрекоза-Пресс,,144,2007,1959,,2013/05/29,,,read,,,,1,,,0,,,,,
10572,"A Clash of Kings  (A Song of Ice and Fire, #2)",George R.R. Martin,"Martin, George R.R.",,"=""0553381695""","=""9780553381696""",4,4.41,Bantam,Paperback,969,2002,1998,,2013/03/05,,,read,,,,1,,,0,,,,,
1442239,Хищные вещи века. Чрезвычайные происшествия,Arkady Strugatsky,"Strugatsky, Arkady","Boris Strugatsky, Аркадий Стругацкий, Борис Стругацкий","=""5237014194""","=""9785237014198""",3,4.13,Znanie Bookstore,Paperback,229,,1964,,2010/08/26,,,read,,,,1,,,0,,,,,
34506,"The Light Fantastic (Discworld, #2; Rincewind #2)",Terry Pratchett,"Pratchett, Terry",,"=""0061020702""","=""9780061020704""",3,3.98,HarperTorch,Mass Market Paperback,277,2000,1986,2014/04/14,2014/03/28,,,read,,,,1,,,0,,,,,
34532,"Hogfather (Discworld, #20; Death, #4)",Terry Pratchett,"Pratchett, Terry",,"=""0552154288""","=""9780552154284""",4,4.23,Corgi,Paperback,432,2006,1996,2015/01/21,2014/12/25,,,read,,,,1,,,0,,,,,
509784,The End of Eternity,Isaac Asimov,"Asimov, Isaac",,"=""0449016196""","=""9780449016190""",3,4.24,Fawcett Crest,Mass Market Paperback,192,1971,1955,,2013/05/20,,,read,,,,1,,,0,,,,,
19117,Fathers and Sons,Ivan Turgenev,"Turgenev, Ivan","George Reavy, Jane Costlow","=""0451529693""","=""9780451529695""",1,3.97,Signet Book,Paperback,244,2005,1862,,2013/05/29,,,read,,,,1,,,0,,,,,
1354164,Fairy Tales,Alexander Pushkin,"Pushkin, Alexander",Arthur Boyd,"=""021420572X""","=""9780214205729""",2,4.46,,,93,1978,1837,,2013/08/02,,,read,,,,1,,,0,,,,,
113435,"Crossroads of Twilight (The Wheel of Time, #10)",Robert Jordan,"Jordan, Robert",,"=""0312864590""","=""9780312864590""",2,3.80,Tor Books,Hardcover,704,2003,2003,2013/03/05,2013/02/12,,,read,,,,1,,,0,,,,,
46306,The Complete Fairy Tales,Hans Christian Andersen,"Andersen, Hans Christian","Lily Owens, Arthur Rackham, Hans Richter","=""0517092913""","=""9780517092910""",2,4.28,Gramercy Books,Hardcover,803,1996,1872,2013/05/29,2013/05/29,,,read,,,,1,,,0,,,,,
29579,"Foundation (Foundation, #1)",Isaac Asimov,"Asimov, Isaac",,"=""0553803719""","=""9780553803716""",4,4.17,Bantam,Hardcover,244,2004,1951,2013/05/29,2010/08/26,,,read,,,,1,,,0,,,,,
17214,Starship Troopers,Robert A. Heinlein,"Heinlein, Robert A.",,"=""""","=""""",2,4.00,Ace Books,Mass Market Paperback,264,1987,1959,2013/07/31,2013/07/23,,,read,,,,1,,,0,,,,,
18194,The Cyberiad,Stanisław Lem,"Lem, Stanisław","Michael Kandel, Daniel Mróz","=""0156027593""","=""9780156027595""",2,4.17,Harcourt,Paperback,295,2002,1965,2013/09/06,2013/08/22,,,read,,,,1,,,0,,,,,
28768,Eden,Stanisław Lem,"Lem, Stanisław",Marc E. Heine,"=""0156278065""","=""9780156278065""",3,3.90,Mariner Books,Paperback,276,1991,1959,2013/09/27,2013/09/11,,,read,,,,1,,,0,,,,,
953490,The Investigation,Stanisław Lem,"Lem, Stanisław",Adele Milch,"=""0156451581""","=""9780156451581""",4,3.56,Mariner Books,Paperback,224,1986,1958,2013/10/01,2013/09/27,,,read,,,,1,,,0,,,,,
88321,Memoirs of a Space Traveler: Further Reminiscences of Ijon Tichy,Stanisław Lem,"Lem, Stanisław","Joel Stern, Maria Święcicka-Ziemianek","=""0810117320""","=""9780810117327""",2,4.19,Northwestern University Press,Paperback,153,2000,1957,2013/10/07,2013/10/02,,,read,,,,1,,,0,,,,,
979581,Die Astronauten,Stanisław Lem,"Lem, Stanisław",,"=""3518369415""","=""9783518369418""",2,3.49,Suhrkamp Verlag,Paperback,304,2001,1951,2013/10/14,2013/10/07,,,read,,,,1,,,0,,,,,
251632,Hospital of the Transfiguration,Stanisław Lem,"Lem, Stanisław",William Brand,"=""0156421763""","=""9780156421768""",2,3.77,Mariner Books,Paperback,228,1991,1955,2013/10/24,2013/10/14,,,read,,,,1,,,0,,,,,
889418,The Star Diaries: Further Reminiscences of Ijon Tichy,Stanisław Lem,"Lem, Stanisław",Michael Kandel,"=""0156849054""","=""9780156849050""",2,4.26,Mariner Books,Paperback,286,1985,1971,2013/12/15,2013/12/02,,,read,,,,1,,,0,,,,,
13412360,Obłok Magellana,Stanisław Lem,"Lem, Stanisław",,"=""8308037364""","=""8308029329""",2,3.75,Wydawnictwo Literackie,Hardcover,409,2005,1955,2014/01/16,2013/12/18,,,read,,,,1,,,0,,,,,
28769,Tales of Pirx the Pilot,Stanisław Lem,"Lem, Stanisław",Louis Iribarne,"=""0156881500""","=""9780156881500""",3,4.10,Mariner Books,Paperback,206,1990,1961,2014/02/12,2014/02/12,,,read,,,,1,,,0,,,,,
332613,One Flew Over the Cuckoo's Nest,Ken Kesey,"Kesey, Ken",Vytautas Petrukaitis,"=""""","=""""",3,4.20,Signet,Mass Market Paperback,325,1963,1962,2014/03/16,2014/02/12,,,read,,,,1,,,0,,,,,
34497,"The Color of Magic (Discworld, #1; Rincewind, #1)",Terry Pratchett,"Pratchett, Terry",,"=""0060855924""","=""9780060855925""",3,3.99,Harper,Paperback,228,2005,1983,2014/03/28,2013/03/05,,,read,,,,1,,,0,,,,,
386372,"Mort (Discworld, #4; Death, #1)",Terry Pratchett,"Pratchett, Terry",,"=""0061020680""","=""9780061020681""",4,4.23,Harpertorch,Mass Market Paperback,243,2001,1987,2014/04/29,2014/04/19,,,read,,,,1,,,0,,,,,
34499,"Sourcery (Discworld, #5; Rincewind #3)",Terry Pratchett,"Pratchett, Terry",,"=""0061020672""","=""9780061020674""",3,3.89,Harper,Mass Market Paperback,276,2008,1988,2014/05/21,2014/04/29,,,read,,,,1,,,0,,,,,
64217,"Pyramids (Discworld, #7)",Terry Pratchett,"Pratchett, Terry",,"=""0061020656""","=""9780061020650""",2,3.91,Harper,Paperback,341,2008,1989,2014/06/27,2014/06/04,,,read,,,,1,,,0,,,,,
64216,"Guards! Guards! (Discworld, #8; City Watch #1)",Terry Pratchett,"Pratchett, Terry",,"=""0061020648""","=""9780061020643""",4,4.32,HarperTorch,Mass Market Paperback,376,2001,1989,2014/07/14,2014/06/27,,,read,,,,1,,,0,,,,,
64218,"Eric (Discworld, #9; Rincewind #4)",Terry Pratchett,"Pratchett, Terry",,"=""0380821214""","=""9780380821211""",2,3.76,Harper,Mass Market Paperback,197,2008,1990,2014/07/20,2014/07/14,,,read,,,,1,,,0,,,,,
34510,"Moving Pictures (Discworld, #10; Industrial Revolution, #1)",Terry Pratchett,"Pratchett, Terry",,"=""0552152943""","=""9780552152945""",2,3.95,Corgi,Paperback,396,2005,1990,2014/08/02,2014/07/20,,,read,,,,1,,,0,,,,,
34529,"Lords and Ladies (Discworld, #14; Witches #4)",Terry Pratchett,"Pratchett, Terry",,"=""055215315X""","=""9780552153157""",3,4.17,Corgi,Paperback,400,2005,1992,2014/10/13,2014/10/06,,,read,,,,1,,,0,,,,,
400354,"Men at Arms (Discworld, #15; City Watch #2)",Terry Pratchett,"Pratchett, Terry",,"=""0061092193""","=""9780061092190""",3,4.37,HarperPrism,Mass Market Paperback,377,2003,1993,2014/11/08,2014/10/13,,,read,,,,1,,,0,,,,,
34502,"Soul Music (Discworld, #16; Death, #3)",Terry Pratchett,"Pratchett, Terry",,"=""057506689X""","=""9780575066892""",3,4.03,Gollancz,Hardcover,424,1999,1994,2014/11/17,2014/11/08,,,read,,,,1,,,0,,,,,
884288,"Interesting Times (Discworld, #17; Rincewind #5)",Terry Pratchett,"Pratchett, Terry",,"=""0061056901""","=""9780061056901""",4,4.14,HarperTorch,Mass Market Paperback,368,1998,1994,2014/11/29,2014/11/17,,,read,,,,1,,,0,,,,,
78876,"Maskerade (Discworld, #18; Witches #5)",Terry Pratchett,"Pratchett, Terry",,"=""0575058080""","=""9780575058088""",3,4.08,Gollancz,Hardcover,285,1995,1995,2014/12/08,2014/11/28,,,read,,,,1,,,0,,,,,
34527,"Feet of Clay (Discworld, #19; City Watch, #3)",Terry Pratchett,"Pratchett, Terry",,"=""0552153257""","=""9780552153256""",4,4.29,Corgi,Paperback,411,2005,1996,2014/12/25,2014/12/08,,,read,,,,1,,,0,,,,,
34511,"Monstrous Regiment (Discworld, #31; Industrial Revolution, #3)",Terry Pratchett,"Pratchett, Terry",,"=""""","=""""",3,4.20,,Paperback,496,2003,2003,2015/07/21,2014/12/25,,,read,,,,1,,,0,,,,,
47994,"The Last Continent (Discworld, #22; Rincewind #6)",Terry Pratchett,"Pratchett, Terry",,"=""0552154180""","=""9780552154185""",3,3.98,Corgi,Paperback,416,2006,1998,2015/02/20,2014/12/25,,,read,,,,1,,,0,,,,,
34541,Carpe Jugulum (Discworld #23; Witches #6),Terry Pratchett,"Pratchett, Terry",,"=""0061051586""","=""9780061051586""",3,4.14,Harper Voyager,Hardcover,296,1999,1998,2015/03/18,2014/12/25,,,read,,,,1,,,0,,,,,
63720,"The Fifth Elephant (Discworld, #24; City Watch, #5)",Terry Pratchett,"Pratchett, Terry",,"=""0552154229""","=""9780552154222""",3,4.27,Corgi,Paperback,464,2008,1999,2015/04/09,2014/12/25,,,read,,,,1,,,0,,,,,
34498,The Truth,Stephen Briggs,"Briggs, Stephen",Terry Pratchett,"=""0413771164""","=""9780413771162""",3,4.23,Bloomsbury Methuen Drama,Paperback,336,2002,2000,2015/04/24,2014/12/25,,,read,,,,1,,,0,,,,,
48002,"Thief of Time (Discworld, #26; Death, #5)",Terry Pratchett,"Pratchett, Terry",,"=""0061031321""","=""9780061031328""",2,4.25,HarperTorch,Paperback,378,2008,2001,2015/05/13,2014/12/25,,,read,,,,1,,,0,,,,,
34492,"Wintersmith (Discworld, #35; Tiffany Aching, #3)",Terry Pratchett,"Pratchett, Terry",,"=""0060890312""","=""9780060890315""",4,4.22,HarperTempest,Hardcover,325,2006,2006,2015/09/22,2014/12/25,,,read,,,,1,,,0,,,,,
116296,"Making Money (Discworld, #36; Moist Von Lipwig, #2)",Terry Pratchett,"Pratchett, Terry",,"=""0061161640""","=""9780061161643""",3,4.23,Harper,Hardcover,394,2007,2007,2015/10/08,2014/12/25,,,read,,,,1,,,0,,,,,
7576115,"I Shall Wear Midnight (Discworld, #38; Tiffany Aching, #4)",Terry Pratchett,"Pratchett, Terry",,"=""0385611072""","=""9780385611077""",3,4.32,Doubleday Childrens,Hardcover,349,2010,2010,2015/11/13,2014/12/25,,,read,,,,1,,,0,,,,,
11275323,"Raising Steam (Discworld, #40, Moist von Lipwig #3)",Terry Pratchett,"Pratchett, Terry",,"=""0857522272""","=""9780857522276""",2,3.98,Doubleday,Hardcover,377,2013,2013,2016/01/22,2014/12/25,,,read,,,,1,,,0,,,,,
7743175,"A Memory of Light (The Wheel of Time, #14)",Robert Jordan,"Jordan, Robert",Brandon Sanderson,"=""0765325950""","=""9780765325952""",3,4.53,Tor Books,Hardcover,912,2013,2013,2016/02/29,2013/05/19,,,read,,,,1,,,0,,,,,
19351490,Grimm's Fairy Tales,Jacob Grimm,"Grimm, Jacob","Wilhelm Grimm, Edward Robert Hughes","=""""","=""""",2,4.13,,Kindle Edition,518,2012,1909,2016/03/08,2016/03/08,,,read,,,,1,,,0,,,,,
43615,"The Gunslinger (The Dark Tower, #1)",Stephen King,"King, Stephen",,"=""""","=""""",2,3.94,Plume,Paperback,231,2003,1982,2016/04/22,2016/02/23,,,read,,,,1,,,0,,,,,
6680250,"Красное на красном (Отблески Этерны, #1)",Vera Kamsha,"Kamsha, Vera",,"=""5699054367""","=""9785699054367""",3,4.09,Эксмо,Hardcover,544,2004,2004,2016/05/17,2016/02/23,,,read,,,,1,,,0,,,,,
4431338,"От войны до войны (Отблески Этерны, #2)",Vera Kamsha,"Kamsha, Vera",,"=""5699071318""","=""9785699071319""",3,4.25,Эксмо,Hardcover,574,2005,2000,2016/05/30,2016/05/17,,,read,,,,1,,,0,,,,,
11842564,Пламя Этерны (Отблески Этерны),Vera Kamsha,"Kamsha, Vera",,"=""5425040334""","=""9785425040336""",3,3.90,Эксмо,ebook,127,,2004,2016/06/23,2016/06/29,,,read,,,,1,,,0,,,,,
11842562,"Лик Победы (Отблески Этерны, #3)",Vera Kamsha,"Kamsha, Vera",,"=""5425040040""","=""9785425040046""",3,3.92,Эксмо,ebook,1048,,2005,2016/06/29,2016/05/30,,,read,,,,1,,,0,,,,,
11842567,"Зимний излом. Том 1. Из глубин (Отблески Этерны, #4)",Vera Kamsha,"Kamsha, Vera",,"=""5425047843""","=""9785425047847""",2,3.84,Эксмо,ebook,957,,2006,2016/07/31,2016/05/30,,,read,,,,1,,,0,,,,,
11842568,"Зимний излом. Том 2. Яд Минувшего. Часть 1 (Отблески Этерны, #5.1)",Vera Kamsha,"Kamsha, Vera",,"=""5425053150""","=""9785425053152""",2,3.77,Эксмо,ebook,608,,2007,2016/08/10,2016/05/30,,,read,,,,1,,,0,,,,,
11842569,"Зимний излом. Том 2. Яд Минувшего. Часть 2 (Отблески Этерны, #5.2)",Vera Kamsha,"Kamsha, Vera",,"=""5425053541""","=""9785425053541""",2,3.72,Эксмо,ebook,2509,,2007,2016/08/29,2016/05/30,,,read,,,,1,,,0,,,,,
8742110,"Сердце Зверя. Том 1. Правда стали, ложь зеркал (Отблески Этерны, #6)",Vera Kamsha,"Kamsha, Vera",,"=""5699317988""","=""9785699317981""",2,3.65,Эксмо,Hardcover,544,2008,2008,2016/09/11,2016/05/30,,,read,,,,1,,,0,,,,,
8742115,"Сердце Зверя. Том 2. Шар Судеб (Отблески Этерны, #7)",Vera Kamsha,"Kamsha, Vera",,"=""5699384197""","=""9785699384198""",1,3.78,Эксмо,Hardcover,480,2009,2009,2016/09/14,2016/05/30,,,read,,,,1,,,0,,,,,
10615057,"Сердце Зверя. Том 3. Синий взгляд Смерти. Закат (Отблески Этерны, #8)",Vera Kamsha,"Kamsha, Vera",,"=""""","=""9785699476534""",1,3.65,Эксмо,Hardcover,704,2011,2011,2016/10/16,2016/05/30,,,read,,,,1,,,0,,,,,
16123609,"Сердце Зверя. Том 3. Синий взгляд Смерти. Полночь. (Отблески Этерны, #9)",Vera Kamsha,"Kamsha, Vera",,"=""""","=""9785699600151""",1,3.38,Издательство «ЭКСМО»,Hardcover,544,2012,2012,2016/11/01,2016/05/30,,,read,,,,1,,,0,,,,,
6732019,Rework,Jason Fried,"Fried, Jason",David Heinemeier Hansson,"=""0307463745""","=""9780307463746""",3,3.96,Crown Business,Hardcover,279,2010,2010,2016/11/07,2016/11/01,,,read,,,,1,,,0,,,,,
132749,A Time to Love and a Time to Die,Erich Maria Remarque,"Remarque, Erich Maria",Denver Lindley,"=""0151904707""","=""9780151904709""",4,4.42,"Harcourt, Brace and Company",Hardcover,379,1954,1954,2016/11/20,2015/08/04,,,read,,,,1,,,0,,,,,
33600,Shantaram,Gregory David Roberts,"Roberts, Gregory David",,"=""192076920X""","=""9781920769208""",3,4.25,Scribe,Paperback,936,2004,2003,2016/12/26,2015/08/05,,,read,,,,1,,,0,,,,,
4099,The Pragmatic Programmer: From Journeyman to Master,Andy Hunt,"Hunt, Andy",Dave Thomas,"=""020161622X""","=""9780201616224""",2,4.33,Addison-Wesley Professional,Paperback,321,1999,1999,2017/01/04,2016/12/05,,,read,,,,1,,,0,,,,,
5094,"The Drawing of the Three (The Dark Tower, #2)",Stephen King,"King, Stephen",,"=""0451210859""","=""9780451210852""",1,4.22,Signet,Paperback,463,2003,1987,2017/01/11,2016/12/26,,,read,,,,1,,,0,,,,,
28257707,The Subtle Art of Not Giving a F*ck: A Counterintuitive Approach to Living a Good Life,Mark Manson,"Manson, Mark",,"=""""","=""""",3,3.92,Harper,Paperback,212,2016,2016,2017/01/23,2016/11/24,,,read,,,,1,,,0,,,,,
20518872,The Three-Body Problem (Remembrance of Earth’s Past #1),Liu Cixin,"Cixin, Liu",Ken Liu,"=""0765377063""","=""9780765377067""",2,4.07,Tor Books,Hardcover,399,2014,2006,2017/03/12,2015/12/28,,,read,,,,1,,,0,,,,,
15823480,Anna Karenina,Leo Tolstoy,"Tolstoy, Leo","Constance Garnett, Aylmer Maude, Louise Maude, Dmitriy Butko, Lev Tolstoj, George Gibian","=""""","=""""",3,4.07,Vintage,Paperback,964,2012,1877,2017/03/12,2016/02/16,,,read,,,,1,,,0,,,,,
23168817,"The Dark Forest (Remembrance of Earth’s Past, #2)",Liu Cixin,"Cixin, Liu","Eisso Post, Joel Martinsen, Bruno Roubicek, Richard Heufkens","=""""","=""""",2,4.41,Tor Books,Hardcover,512,2015,2008,2017/04/11,2017/01/01,,,read,,,,1,,,0,,,,,
1128434,"The Last Wish (The Witcher, #0.5)",Andrzej Sapkowski,"Sapkowski, Andrzej","Danusia Stok, Peter Kenny","=""0575077832""","=""9780575077836""",3,4.14,Gollancz,Hardcover,384,2007,1993,2017/05/08,2016/02/22,,,read,,,,1,,,0,,,,,
1128437,"Miecz przeznaczenia (Saga o Wiedźminie, #0.7)",Andrzej Sapkowski,"Sapkowski, Andrzej",,"=""8370540376""","=""9788370540371""",4,4.28,SuperNOWA,Paperback,343,1994,1992,2017/05/21,2016/02/23,,,read,,,,1,,,0,,,,,
68458,"Krew elfów (Saga o Wiedźminie, #1)",Andrzej Sapkowski,"Sapkowski, Andrzej",,"=""8370540791""","=""9788370540791""",3,4.10,superNOVA,Paperback,295,2007,1994,2017/05/31,2016/02/23,,,read,,,,1,,,0,,,,,
233858,Der Vorleser,Bernhard Schlink,"Schlink, Bernhard",,"=""3257229534""","=""9783257229530""",2,3.77,Diogenes,Paperback,207,1997,1995,2017/06/27,2017/03/20,,,read,,,,1,,,0,,,,,
68453,"Czas pogardy (Saga o Wiedźminie, #2)",Andrzej Sapkowski,"Sapkowski, Andrzej",,"=""8370540910""","=""9788370540913""",3,4.17,superNOWA,Paperback,319,1995,1995,2017/06/28,2016/02/23,,,read,,,,1,,,0,,,,,
28766,Fiasco,Stanisław Lem,"Lem, Stanisław",Michael Kandel,"=""0156306301""","=""9780156306300""",0,4.12,Mariner Books,Paperback,322,1988,1986,,2019/06/23,to-read,to-read (#151),to-read,,,,0,,,0,,,,,
68455,"Wieża Jaskółki (Saga o Wiedźminie, #4)",Andrzej Sapkowski,"Sapkowski, Andrzej",,"=""8370541240""","=""9788370541248""",3,4.24,superNOWA,Paperback,428,2001,1997,2017/10/25,2016/02/23,,,read,,,,1,,,0,,,,,
33117946,Programming Elixir 1.3: Functional |> Concurrent |> Pragmatic |> Fun,Dave Thomas,"Thomas, Dave",,"=""""","=""""",2,4.29,Pragmatic Bookshelf,Kindle Edition,364,2016,2013,2017/08/06,2017/05/13,,,read,,,,1,,,0,,,,,
68452,"Pani Jeziora (Saga o Wiedźminie, #5)",Andrzej Sapkowski,"Sapkowski, Andrzej",,"=""8370541291""","=""9788370541293""",3,4.13,superNOWA,Paperback,520,2001,1996,2017/12/08,2016/02/23,,,read,,,,1,,,0,,,,,
1876770,"Chrzest ognia (Saga o Wiedźminie, #3)",Andrzej Sapkowski,"Sapkowski, Andrzej",,"=""""","=""""",3,4.27,SuperNOWA,Paperback,336,1996,1996,2017/10/13,2016/02/23,,,read,,,,1,,,0,,,,,
43713,Structure and Interpretation of Computer Programs,Harold Abelson,"Abelson, Harold","Gerald Jay Sussman, Julie Sussman","=""0262510871""","=""9780262510875""",2,4.47,MIT Press,Paperback,657,1996,1984,2018/01/11,2017/11/16,,,read,,,,1,,,0,,,,,
6718693,Learn you some Erlang for great good!,Fred Hebert,"Hebert, Fred",,"=""""","=""""",2,4.49,No Starch Press,Paperback,593,,2012,2018/05/02,2017/11/14,,,read,,,,1,,,0,,,,,
21853621,The Nightingale,Kristin Hannah,"Hannah, Kristin",,"=""0312577222""","=""9780312577223""",2,4.59,St. Martin's Press,Hardcover,440,2015,2015,2018/06/25,2016/01/07,,,read,,,,1,,,0,,,,,
1425879,Ich bin kein Berliner: Ein Reiseführer für faule Touristen,Wladimir Kaminer,"Kaminer, Wladimir",Vitali Konstantinov,"=""3442542405""","=""9783442542406""",2,3.47,Goldmann,Paperback,256,2007,2007,2018/08/23,2018/06/28,,,read,,,,1,,,0,,,,,
4671,The Great Gatsby,F. Scott Fitzgerald,"Fitzgerald, F. Scott",,"=""""","=""""",2,3.93,Scribner,Paperback,200,2004,1925,2018/09/05,2016/03/22,,,read,,,,1,,,0,,,,,
930871,Die Verwandlung,Franz Kafka,"Kafka, Franz",Vladimir Nabokov,"=""3596258758""","=""9783596258758""",2,3.84,Fischer Taschenbuch Verlag,Paperback,109,1986,1915,2018/10/02,2018/08/23,,,read,,,,1,,,0,,,,,
243381,Berlin Alexanderplatz,Alfred Döblin,"Döblin, Alfred",,"=""3423002956""","=""9783423002950""",2,3.85,Deutscher Taschenbuch Verlag,Paperback,457,2009,1929,2018/11/01,2016/03/22,,,read,,,,1,,,0,,,,,
15757898,Verteidigung der Missionarsstellung,Wolf Haas,"Haas, Wolf",,"=""3455404189""","=""9783455404180""",1,3.92,Hoffmann und Campe,Hardcover,239,2012,2012,2019/03/12,2019/01/07,,,read,,,,1,,,0,,,,,
355697,All Quiet on the Western Front,Erich Maria Remarque,"Remarque, Erich Maria",Arthur Wesley Wheen,"=""0449213943""","=""9780449213940""",4,4.01,Ballantine Books,Mass Market Paperback,296,1987,1929,2019/04/01,2015/08/04,,,read,,,,1,,,0,,,,,
1812595,"Narrenturm (Trylogia husycka, #1)",Andrzej Sapkowski,"Sapkowski, Andrzej",,"=""8370541534""","=""9788370541538""",3,4.04,SuperNOWA,Paperback,640,2002,2002,2019/05/27,2017/06/23,,,read,,,,1,,,0,,,,,
8855321,"Leviathan Wakes (The Expanse, #1)",James S.A. Corey,"Corey, James S.A.",,"=""1841499889""","=""9781841499888""",0,4.27,Orbit,Paperback,561,2011,2011,,2019/06/05,to-read,to-read (#150),to-read,,,,0,,,0,,,,,
1297123,The Black Obelisk,Erich Maria Remarque,"Remarque, Erich Maria",,"=""0449912442""","=""9780449912447""",4,4.38,Random House Trade Paperbacks,Paperback,448,1998,1956,2016/03/18,2015/08/04,,,read,,,,1,,,0,,,,,
106,"Dune Messiah (Dune Chronicles, #2)",Frank Herbert,"Herbert, Frank",,"=""0441172695""","=""9780441172696""",2,3.89,Ace Books,Mass Market Paperback,331,1987,1969,2019/04/18,2019/04/01,,,read,,,,1,,,0,,,,,
827,"The Diamond Age: Or, a Young Lady's Illustrated Primer",Neal Stephenson,"Stephenson, Neal",,"=""0553380966""","=""9780553380965""",0,4.16,Spectra,Paperback,499,2000,1995,,2019/04/01,to-read,to-read (#149),to-read,,,,0,,,0,,,,,
16690,The Moon Is a Harsh Mistress,Robert A. Heinlein,"Heinlein, Robert A.",,"=""0340837942""","=""9780340837948""",0,4.16,Hodder & Stoughton,Paperback,288,2005,1966,,2019/04/01,to-read,to-read (#148),to-read,,,,0,,,0,,,,,
13821,Lord of Light,Roger Zelazny,"Zelazny, Roger",,"=""0060567236""","=""9780060567231""",0,4.07,Harper Voyager,Paperback,296,2010,1967,,2019/04/01,to-read,to-read (#147),to-read,,,,0,,,0,,,,,
164154,"A Canticle for Leibowitz (St. Leibowitz, #1)",Walter M. Miller Jr.,"Jr., Walter M. Miller",Mary Doria Russell,"=""0060892994""","=""9780060892999""",0,3.98,HarperCollins EOS,Paperback,334,2006,1959,,2019/04/01,to-read,to-read (#146),to-read,,,,0,,,0,,,,,
17841,Foucault's Pendulum,Umberto Eco,"Eco, Umberto",William Weaver,"=""015603297X""","=""9780156032971""",3,3.91,Mariner Books,Paperback,623,2007,1988,2019/03/25,2015/08/04,,,read,,,,1,,,0,,,,,
30763415,Город Эн,Leonid Dobychin,"Dobychin, Leonid",Леонид Добычин,"=""""","=""""",0,3.83,Общественное достояние,Kindle Edition,84,,1935,,2018/08/20,to-read,to-read (#140),to-read,,,,0,,,0,,,,,
656,War and Peace,Leo Tolstoy,"Tolstoy, Leo","Henry Gifford, Aylmer Maude, Louise Maude, Martha","=""""","=""""",3,4.14,Oxford University Press,Paperback,1392,1998,1869,,2013/02/12,,,read,,,,1,,,0,,,,,
341521,Идиот,Fyodor Dostoevsky,"Dostoevsky, Fyodor",Фёдор Михайлович Достоевский,"=""5389047303""","=""9785389047303""",2,4.20,Азбука-Аттикус,Hardcover,640,2012,1869,2019/01/07,2016/02/22,,,read,,,,1,,,0,,,,,
1526595,Die Vermessung der Welt,Daniel Kehlmann,"Kehlmann, Daniel",,"=""3499241005""","=""9783499241000""",3,3.74,Rowolt Taschenbuch Verlag,Paperback,302,2005,2005,2019/01/04,2018/10/14,,,read,,,,1,,,0,,,,,
23168277,The Sympathizer,Viet Thanh Nguyen,"Nguyen, Viet Thanh",,"=""0802123457""","=""9780802123459""",0,3.99,Grove Press,Hardcover,371,2015,2015,,2018/12/30,to-read,to-read (#145),to-read,,,,0,,,0,,,,,
24826361,Beauty Is a Wound,Eka Kurniawan,"Kurniawan, Eka",Annie Tucker,"=""0811223639""","=""9780811223638""",0,4.04,New Directions,Paperback,470,2015,2002,,2018/12/30,to-read,to-read (#144),to-read,,,,0,,,0,,,,,
19161852,"The Fifth Season (The Broken Earth, #1)",N.K. Jemisin,"Jemisin, N.K.",,"=""""","=""""",0,4.32,Orbit,Paperback,468,2015,2015,,2018/11/18,to-read,to-read (#143),to-read,,,,0,,,0,,,,,
12392681,Railsea,China Miéville,"Miéville, China",,"=""0345524527""","=""9780345524522""",0,3.89,Del Rey,Hardcover,424,2012,2012,,2018/11/18,to-read,to-read (#142),to-read,,,,0,,,0,,,,,
32767,At the Mountains of Madness,H.P. Lovecraft,"Lovecraft, H.P.","China Miéville, S.T. Joshi","=""0812974417""","=""9780812974416""",0,3.85,The Modern Library,Paperback,194,2005,1931,,2018/11/17,to-read,to-read (#141),to-read,,,,0,,,0,,,,,
31297882,Ruby Programming: The Well-Grounded Rubyist,David A. Black,"Black, David A.",,"=""9351198243""","=""9789351198246""",2,4.31,Wiley,Paperback,536,2015,2008,2017/05/12,2017/01/07,,,read,,,,1,,,0,,,,,
18717633,Kontrabas,Patrick Süskind,"Süskind, Patrick",,"=""""","=""9788675600954""",3,3.77,Solaris,Paperback,91,2013,1981,2018/06/07,2018/05/02,,,read,,,,1,,,0,,,,,
234225,Dune (Dune #1),Frank Herbert,"Herbert, Frank",نادر أسامة,"=""0340839937""","=""9780340839935""",3,4.25,Hodder & Stoughton,Paperback,604,2006,1965,2018/08/27,2010/08/26,,,read,,,,1,,,0,,,,,
3134687,Защита Лужина,Vladimir Nabokov,"Nabokov, Vladimir",Владимир Набоков,"=""5170215452""","=""9785170215454""",0,3.96, АСТ,Hardcover,544,2004,1929,,2018/08/20,to-read,to-read (#139),to-read,,,,0,,,0,,,,,
18399576,The Hogben Chronicles,Henry Kuttner,"Kuttner, Henry","Pierce Watters, F. Paul Wilson, Neil Gaiman","=""""","=""""",0,4.39,Borderlands Press,ebook,140,2013,1998,,2018/07/10,to-read,to-read (#138),to-read,,,,0,,,0,,,,,
91203,Three Comrades,Erich Maria Remarque,"Remarque, Erich Maria",Arthur Wesley Wheen,"=""0449912426""","=""9780449912423""",4,4.49,Random House Trade Paperbacks,Paperback,496,1998,1936,2018/05/31,2015/08/04,,,read,,,,1,,,0,,,,,
1991039,"Flaggermusmannen (Harry Hole, #1)",Jo Nesbø,"Nesbø, Jo",,"=""8203180728""","=""9788203180729""",0,3.56,Aschehoug,Paperback,339,2005,1997,,2018/04/24,to-read,to-read (#137),to-read,,,,0,,,0,,,,,
19288043,Gone Girl,Gillian Flynn,"Flynn, Gillian",,"=""""","=""""",0,4.10,Broadway Books,Paperback,415,2014,2012,,2018/04/24,to-read,to-read (#136),to-read,,,,0,,,0,,,,,
34128219,"La Belle Sauvage (The Book of Dust, #1)",Philip Pullman,"Pullman, Philip",,"=""0375815309""","=""9780375815300""",0,4.15,Alfred A. Knopf,Hardcover,449,2017,2017,,2018/03/12,to-read,to-read (#135),to-read,,,,0,,,0,,,,,
23245313,Stuff Goes Bad: Erlang in Anger,Fred Hebert,"Hebert, Fred",,"=""""","=""""",0,4.31,,ebook,93,2014,2014,,2018/03/12,to-read,to-read (#134),to-read,,,,0,,,0,,,,,
8129142,The Joy of Clojure,Michael Fogus,"Fogus, Michael",Chris Houser,"=""1935182641""","=""9781935182641""",2,4.18,Manning Publishing,Paperback,328,2011,2010,2018/03/12,2017/12/08,,,read,,,,1,,,0,,,,,
204286,The Baby Book: Everything You Need to Know About Your Baby from Birth to Age Two,William Sears,"Sears, William","Martha Sears, Robert W. Sears, James M. Sears","=""""","=""9780316778008""",3,4.17,"Little, Brown and Company",Paperback,784,2003,1993,2018/03/12,2018/01/06,,,read,,,,1,,,0,,,,,
3550661,"Принцесса стоит смерти (Лорд с планеты Земля, #1)",Sergei Lukyanenko,"Lukyanenko, Sergei",Сергей Лукьяненко,"=""5170186959""","=""""",0,3.81,ACT,Paperback,208,2006,1994,,2018/02/25,to-read,to-read (#133),to-read,,,,0,,,0,,,,,
96472,"Sundiver (The Uplift Saga, #1)",David Brin,"Brin, David",,"=""0553269828""","=""9780553269826""",0,3.69,Bantam Spectra,Mass Market Paperback,340,2010,1980,,2018/02/25,to-read,to-read (#132),to-read,,,,0,,,0,,,,,
35996144,Июнь,Dmitry Bykov,"Bykov, Dmitry",Дмитрий Быков,"=""""","=""9785170923687""",0,3.91,АСТ,Hardcover,512,2017,2017,,2017/12/30,to-read,to-read (#131),to-read,,,,0,,,0,,,,,
1120655,"Northern Lights (His Dark Materials, #1)",Philip Pullman,"Pullman, Philip","Terence Stamp, Emma Fielding, Bill Paterson","=""0563529024""","=""9780563529026""",0,4.01,BBC Audiobooks ,Audio CD,3,2007,1995,,2016/05/28,to-read,to-read (#109),to-read,,,,0,,,0,,,,,
208920,Fermat's Last Theorem,Amir D. Aczel,"Aczel, Amir D.","Zoran Živković, Mirjana Živković","=""0385319460""","=""9780385319461""",0,3.94,Delta,Paperback,147,1997,1996,,2017/11/16,to-read,to-read (#130),to-read,,,,0,,,0,,,,,
2364243,"Московский клуб (Анклавы, #1)",Vadim Panov,"Panov, Vadim",Вадим Панов,"=""5699178678""","=""9785699178674""",0,4.23,Эксмо,Hardcover,480,2007,2005,,2017/10/14,to-read,to-read (#129),to-read,,,,0,,,0,,,,,
28922,An Artist of the Floating World,Kazuo Ishiguro,"Ishiguro, Kazuo",,"=""0571225365""","=""9780571225361""",0,3.78,Faber and Faber,Paperback,206,2005,1986,,2017/10/06,to-read,to-read (#128),to-read,,,,0,,,0,,,,,
35124945,Сердце зверя. Синий взгляд смерти. Рассвет. Часть первая,Vera Kamsha,"Kamsha, Vera",,"=""""","=""9785699967865""",1,3.32,ИЗДАТЕЛЬСТВО «ЭКСМО»,Hardcover,608,2017,,2017/09/14,2017/06/28,,,read,,,,1,,,0,,,,,
16043916,Медный король,Marina Dyachenko,"Dyachenko, Marina","Sergey Dyachenko, Marina Dyachenko","=""""","=""9785699259748""",0,4.21,Эксмо,Hardcover,544,2008,2008,,2017/09/10,to-read,to-read (#127),to-read,,,,0,,,0,,,,,
4004,The Pilgrimage,Paulo Coelho,"Coelho, Paulo",Alan R. Clarke,"=""0722534876""","=""9780722534878""",0,3.65,Thorsons,Paperback,226,1997,1987,,2017/07/14,to-read,to-read (#126),to-read,,,,0,,,0,,,,,
128534,Off the Road: A Modern-Day Walk Down the Pilgrim's Route into Spain,Jack Hitt,"Hitt, Jack",,"=""0743261119""","=""9780743261111""",0,3.68,Simon  Schuster,Paperback,272,2005,1994,,2017/07/14,to-read,to-read (#125),to-read,,,,0,,,0,,,,,
1812661,"Lux perpetua (Trylogia husycka, #3)",Andrzej Sapkowski,"Sapkowski, Andrzej",,"=""8370541895""","=""9788370541897""",0,4.09,SuperNOWA,Paperback,608,2006,2006,,2017/06/23,to-read,to-read (#124),to-read,,,,0,,,0,,,,,
1812654,"Boży bojownicy (Trylogia husycka, #2)",Andrzej Sapkowski,"Sapkowski, Andrzej","Barbara Samborska, Евгений Вайсброт","=""8370541674""","=""9788370541675""",0,4.15,SuperNOWA,Paperback,635,2004,2004,,2017/06/23,to-read,to-read (#123),to-read,,,,0,,,0,,,,,
1768603,The White Tiger,Aravind Adiga,"Adiga, Aravind",,"=""1416562591""","=""9781416562597""",0,3.76,Free Press,Hardcover,276,2008,2008,,2017/06/08,to-read,to-read (#122),to-read,,,,0,,,0,,,,,
210834,Kim,Rudyard Kipling,"Kipling, Rudyard",Martha,"=""0140183523""","=""9780140183528""",0,3.71,Penguin Classics,Mass Market Paperback,366,1981,1901,,2017/06/08,to-read,to-read (#121),to-read,,,,0,,,0,,,,,
25548163,"Тартюф, или Обманщик",Molière,"Molière, Molière",Владимир Сергеевич Лихачев,"=""""","=""""",0,3.66,Общественное достояние,Kindle Edition,125,,1664,,2017/02/16,to-read,to-read (#120),to-read,,,,0,,,0,,,,,
22019477,Разбойники,Friedrich Schiller,"Schiller, Friedrich",Фридрих Шиллер,"=""""","=""""",0,3.51,,,,,1781,,2017/02/16,to-read,to-read (#119),to-read,,,,0,,,0,,,,,
18525,Dr. Faustus,Christopher Marlowe,"Marlowe, Christopher",,"=""0486282082""","=""9780486282084""",0,3.80,Dover Publications,Paperback,64,1994,1588,,2017/02/16,to-read,to-read (#118),to-read,,,,0,,,0,,,,,
243705,The Collector,John Fowles,"Fowles, John",,"=""""","=""""",0,3.99,Vintage,Paperback,283,1998,1963,,2017/02/16,to-read,to-read (#117),to-read,,,,0,,,0,,,,,
18966819,"Golden Son (Red Rising Saga, #2)",Pierce Brown,"Brown, Pierce",,"=""0345539826""","=""9780345539823""",0,4.44,Del Rey,ebook,430,2015,2015,,2017/02/12,to-read,to-read (#116),to-read,,,,0,,,0,,,,,
15839976,"Red Rising (Red Rising Saga, #1)",Pierce Brown,"Brown, Pierce",,"=""0345539788""","=""9780345539786""",0,4.25,Del Rey,Hardcover,382,2014,2014,,2017/02/12,to-read,to-read (#115),to-read,,,,0,,,0,,,,,
18966806,"Morning Star (Red Rising Saga, #3)",Pierce Brown,"Brown, Pierce",,"=""0345539842""","=""9780345539847""",0,4.48,Del Rey,Hardcover,524,2016,2016,,2017/02/12,to-read,to-read (#114),to-read,,,,0,,,0,,,,,
17125,One Day in the Life of Ivan Denisovich,Aleksandr Solzhenitsyn,"Solzhenitsyn, Aleksandr",H.T. Willetts,"=""""","=""""",0,3.97,"Farrar, Straus and Giroux",Paperback,182,2005,1962,,2017/01/10,to-read,to-read (#113),to-read,,,,0,,,0,,,,,
33410796,Ruby Web Dev: The Other Way,Ievgen Kuzminov,"Kuzminov, Ievgen",,"=""""","=""""",2,2.00,,ebook,,,,2017/01/07,2017/01/04,,,read,,,,1,,,0,,,,,
25451264,Death's End (Remembrance of Earth’s Past #3),Liu Cixin,"Cixin, Liu",Ken Liu,"=""0765377101""","=""9780765377104""",0,4.42,TOR,Hardcover,604,2016,2010,,2017/01/01,to-read,to-read (#112),to-read,,,,0,,,0,,,,,
7930050,Недоросль,Denis Fonvizin,"Fonvizin, Denis",,"=""""","=""9785911818470""",3,3.64,Азбука,Paperback,320,2008,1782,,2016/09/01,,,read,,,,1,,,0,,,,,
16134563,Гранатовый Браслет,Aleksandr Kuprin,"Kuprin, Aleksandr",Aleksandr Kuprin,"=""5255016470""","=""9785255016471""",2,3.94,Профиздат,Hardcover,384,2008,1910,,2016/09/01,,,read,,,,1,,,0,,,,,
6664524,Матренин двор,Aleksandr Solzhenitsyn,"Solzhenitsyn, Aleksandr",Александр Солженицын,"=""5080048964""","=""9785080048968""",3,3.90,Детская литература,Hardcover,224,2011,1963,,2016/09/01,,,read,,,,1,,,0,,,,,
6978039,Сердце Пармы,Aleksej Ivanov,"Ivanov, Aleksej",,"=""535201679X""","=""9785352016794""",0,4.44,Азбука-классика,Hardcover,576,2006,2003,,2016/05/28,to-read,to-read (#111),to-read,,,,0,,,0,,,,,
14497,"Neverwhere (London Below, #1)",Neil Gaiman,"Gaiman, Neil",,"=""0060557818""","=""9780060557812""",0,4.17,William Morrow Paperbacks,Paperback,370,2003,1996,,2016/05/28,to-read,to-read (#110),to-read,,,,0,,,0,,,,,
14201,Jonathan Strange & Mr Norrell,Susanna Clarke,"Clarke, Susanna",,"=""""","=""""",0,3.84,Tor Books,Paperback,1006,2006,2004,,2016/05/28,to-read,to-read (#108),to-read,,,,0,,,0,,,,,
4703581,The City & the City,China Miéville,"Miéville, China",,"=""0345497511""","=""9780345497512""",0,3.90,Del Rey/Ballantine Books,Hardcover,312,2009,2009,,2016/05/28,to-read,to-read (#107),to-read,,,,0,,,0,,,,,
39063,"Titus Groan (Gormenghast, #1)",Mervyn Peake,"Peake, Mervyn",Rupert Degas,"=""0879514256""","=""9780879514259""",0,3.91,Overlook Press,Paperback,396,1991,1946,,2016/05/28,to-read,to-read (#106),to-read,,,,0,,,0,,,,,
250,"Tropic of Capricorn (Tropic, #2)",Henry Miller,"Miller, Henry",,"=""0802151825""","=""9780802151827""",0,3.81,Grove Press,Paperback,348,1994,1939,,2016/05/22,to-read,to-read (#105),to-read,,,,0,,,0,,,,,
865,The Alchemist,Paulo Coelho,"Coelho, Paulo",Alan R. Clarke,"=""0061122416""","=""9780061122415""",0,3.90,HarperCollins,Paperback,197,1993,1988,,2016/05/22,to-read,to-read (#104),to-read,,,,0,,,0,,,,,
34494,"The Wee Free Men (Discworld, #30; Tiffany Aching, #1)",Terry Pratchett,"Pratchett, Terry",,"=""0060012382""","=""9780060012380""",2,4.27,HarperTrophy,Mass Market Paperback,375,2004,2003,2015/07/03,2014/12/25,,,read,,,,1,,,0,,,,,
974013,The Glass Bead Game,Hermann Hesse,"Hesse, Hermann","Richard Winston, Clara Winston","=""009928362X""","=""9780099283621""",1,4.11,Vintage Classics,Paperback,530,2000,1943,2016/04/14,2015/12/16,,,read,,,,1,,,0,,,,,
17671643,Das Märchen von dem Myrtenfräulein,Clemens Brentano,"Brentano, Clemens",,"=""""","=""""",2,4.00,Project Gutenberg,ebook,,2000,2000,2016/04/21,2016/04/21,,,read,,,,1,,,0,,,,,
11127,"The Chronicles of Narnia (Chronicles of Narnia, #1-7)",C.S. Lewis,"Lewis, C.S.",Pauline Baynes,"=""0066238501""","=""9780066238500""",0,4.26,HarperCollins,Paperback,767,2014,1956,,2016/04/14,to-read,to-read (#103),to-read,,,,0,,,0,,,,,
34440,Doctor Faustus,Thomas Mann,"Mann, Thomas",John E. Woods,"=""0375701168""","=""9780375701160""",0,4.09,Vintage,Paperback,535,1999,1947,,2016/03/22,to-read,to-read (#102),to-read,,,,0,,,0,,,,,
80890,Buddenbrooks: The Decline of a Family,Thomas Mann,"Mann, Thomas","T.J. Reed, John E. Woods","=""0679417370""","=""9780679417378""",0,4.18,Everyman's Library,Hardcover,731,1994,1901,,2016/03/22,to-read,to-read (#101),to-read,,,,0,,,0,,,,,
527756,The Man Without Qualities,Robert Musil,"Musil, Robert","Burton Pike, Sophie Wilkins","=""0330349422""","=""9780330349420""",0,4.20,Alfred A. Knopf,Paperback,1774,1995,1930,,2016/03/22,to-read,to-read (#100),to-read,,,,0,,,0,,,,,
521118,No Orchids for Miss Blandish (Blandish's Orchids and Dave Fenner #1),James Hadley Chase,"Chase, James Hadley",,"=""0709062672""","=""9780709062677""",0,3.75,Robert Hale,Hardcover,189,1998,1939,,2016/03/22,to-read,to-read (#99),to-read,,,,0,,,0,,,,,
580449,The Resistible Rise of Arturo Ui,Bertolt Brecht,"Brecht, Bertolt",,"=""1559705434""","=""9781559705431""",0,3.83,Arcade Publishing,Paperback,125,2001,1941,,2016/03/22,to-read,to-read (#98),to-read,,,,0,,,0,,,,,
69880,The Lost Honor of Katharina Blum,Heinrich Böll,"Böll, Heinrich",Leila Vennewitz,"=""0140187286""","=""9780140187281""",0,3.69,Penguin Classics,Paperback,140,1994,1974,,2016/03/22,to-read,to-read (#97),to-read,,,,0,,,0,,,,,
83017,The Tartar Steppe,Dino Buzzati,"Buzzati, Dino",Stuart Hood,"=""1567923046""","=""9781567923049""",0,4.19,Verba Mundi,Paperback,198,2005,1940,,2016/03/22,to-read,to-read (#96),to-read,,,,0,,,0,,,,,
18114322,The Grapes of Wrath,John Steinbeck,"Steinbeck, John",Alfred Liebfeld,"=""067001690X""","=""9780670016907""",0,3.99,Viking,Hardcover,479,2014,1939,,2016/03/22,to-read,to-read (#95),to-read,,,,0,,,0,,,,,
12395,Journey to the End of the Night,Louis-Ferdinand Céline,"Céline, Louis-Ferdinand","Ralph Manheim, Angela Cismaş, William T. Vollmann","=""0811216543""","=""9780811216548""",0,4.21,New Directions,Paperback,453,2006,1932,,2016/03/22,to-read,to-read (#94),to-read,,,,0,,,0,,,,,
12749,Swann's Way,Marcel Proust,"Proust, Marcel",Lydia Davis,"=""0142437964""","=""9780142437964""",0,4.13,Penguin Classics,Paperback,444,2004,1913,,2016/03/22,to-read,to-read (#93),to-read,,,,0,,,0,,,,,
25622780,Wide Sargasso Sea,Jean Rhys,"Rhys, Jean",Andrea Ashworth,"=""0393352560""","=""9780393352566""",0,3.60,W. W. Norton  Company,Paperback,176,2016,1966,,2016/03/22,to-read,to-read (#92),to-read,,,,0,,,0,,,,,
31072,Under the Volcano,Malcolm Lowry,"Lowry, Malcolm",,"=""0060955228""","=""9780060955229""",0,3.78,Harper Perennial,Paperback,423,2000,1947,,2016/03/22,to-read,to-read (#91),to-read,,,,0,,,0,,,,,
11324,Under the Net,Iris Murdoch,"Murdoch, Iris",,"=""0140014454""","=""9780140014457""",0,3.77,Penguin Books Ltd,Paperback,252,1982,1954,,2016/03/22,to-read,to-read (#90),to-read,,,,0,,,0,,,,,
249,"Tropic of Cancer (Tropic, #1)",Henry Miller,"Miller, Henry",,"=""0802131786""","=""9780802131782""",0,3.68,Grove Press,Paperback,318,1994,1934,,2016/03/22,to-read,to-read (#89),to-read,,,,0,,,0,,,,,
37781,"Things Fall Apart (The African Trilogy, #1)",Chinua Achebe,"Achebe, Chinua",,"=""""","=""""",0,3.71,Anchor Books,Paperback,209,1994,1958,,2016/03/22,to-read,to-read (#88),to-read,,,,0,,,0,,,,,
10975,The Sound and the Fury,William Faulkner,"Faulkner, William",,"=""""","=""""",0,3.86,Vintage International,Paperback,366,1990,1929,,2016/03/22,to-read,to-read (#87),to-read,,,,0,,,0,,,,,
24835,The Sot-Weed Factor,John Barth,"Barth, John",,"=""1903809509""","=""9781903809501""",0,4.10,Atlantic Books (UK),Paperback,756,2005,1960,,2016/03/22,to-read,to-read (#86),to-read,,,,0,,,0,,,,,
243598,The Sheltering Sky,Paul Bowles,"Bowles, Paul",,"=""0141023422""","=""9780141023427""",0,3.90,Penguin Group,Paperback,342,2007,1949,,2016/03/22,to-read,to-read (#85),to-read,,,,0,,,0,,,,,
7805,Pale Fire,Vladimir Nabokov,"Nabokov, Vladimir",,"=""""","=""""",0,4.14,Penguin Books Ltd,Paperback,246,2000,1962,,2016/03/22,to-read,to-read (#84),to-read,,,,0,,,0,,,,,
18452,The Painted Bird,Jerzy Kosiński,"Kosiński, Jerzy",,"=""080213422X""","=""9780802134226""",0,3.91,Grove Press,Paperback,234,1995,1965,,2016/03/22,to-read,to-read (#83),to-read,,,,0,,,0,,,,,
14836,Midnight's Children,Salman Rushdie,"Rushdie, Salman",,"=""0099578514""","=""9780099578512""",0,3.98,Vintage,Paperback,647,1995,1981,,2016/03/22,to-read,to-read (#82),to-read,,,,0,,,0,,,,,
395182,Lucky Jim,Kingsley Amis,"Amis, Kingsley",David Lodge,"=""0140186301""","=""9780140186307""",0,3.75,Penguin Classics,Paperback,251,1993,1954,,2016/03/22,to-read,to-read (#81),to-read,,,,0,,,0,,,,,
7604,Lolita,Vladimir Nabokov,"Nabokov, Vladimir",Craig Raine,"=""""","=""""",0,3.88,Penguin,Paperback,331,1995,1955,,2016/03/22,to-read,to-read (#80),to-read,,,,0,,,0,,,,,
18765,"I, Claudius (Claudius, #1)",Robert Graves,"Graves, Robert",,"=""067972477X""","=""9780679724773""",0,4.23,Vintage,Paperback,468,1989,1934,,2016/03/22,to-read,to-read (#79),to-read,,,,0,,,0,,,,,
592657,Deliverance,James Dickey,"Dickey, James",,"=""038531387X""","=""9780385313872""",0,3.89,Delta,Paperback,288,1994,1970,,2016/03/22,to-read,to-read (#78),to-read,,,,0,,,0,,,,,
227463,A Clockwork Orange,Anthony Burgess,"Burgess, Anthony",,"=""""","=""""",0,4.00,W. W. Norton & Company,Paperback,192,1986,1962,,2016/03/22,to-read,to-read (#77),to-read,,,,0,,,0,,,,,
16810,The Berlin Stories,Christopher Isherwood,"Isherwood, Christopher",,"=""0811200701""","=""9780811200707""",0,4.04,New Directions Publishing Corporation,Paperback,401,1963,1945,,2016/03/22,to-read,to-read (#76),to-read,,,,0,,,0,,,,,
6867,Atonement,Ian McEwan,"McEwan, Ian",,"=""038572179X""","=""9780385721790""",0,3.92,Anchor Books,Paperback,351,2003,2001,,2016/03/22,to-read,to-read (#75),to-read,,,,0,,,0,,,,,
126583,Appointment in Samarra,John O'Hara,"O'Hara, John",,"=""0375719202""","=""9780375719202""",0,3.82,Vintage,Paperback,251,2003,1934,,2016/03/22,to-read,to-read (#74),to-read,,,,0,,,0,,,,,
5527,All the King's Men,Robert Penn Warren,"Warren, Robert Penn",,"=""""","=""""",0,4.07,Harcourt Brace,Paperback,439,1996,1946,,2016/03/22,to-read,to-read (#73),to-read,,,,0,,,0,,,,,
35743,The Tin Drum,Günter Grass,"Grass, Günter",Ralph Manheim,"=""0099483505""","=""9780099483502""",0,3.95,Vintage,Paperback,580,2005,1959,,2016/03/22,to-read,to-read (#72),to-read,,,,0,,,0,,,,,
46170,For Whom the Bell Tolls,Ernest Hemingway,"Hemingway, Ernest",,"=""""","=""""",0,3.97,Scribner,Paperback,471,1995,1940,,2016/03/22,to-read,to-read (#71),to-read,,,,0,,,0,,,,,
88077,The Magic Mountain,Thomas Mann,"Mann, Thomas",John E. Woods,"=""0679772871""","=""9780679772873""",0,4.11,Vintage,Paperback,706,1996,1924,,2016/03/22,to-read,to-read (#70),to-read,,,,0,,,0,,,,,
168668,Catch-22,Joseph Heller,"Heller, Joseph",,"=""0684833395""","=""9780684833392""",0,3.98,Simon & Schuster ,Paperback,453,2004,1961,,2016/03/22,to-read,to-read (#69),to-read,,,,0,,,0,,,,,
49628,Cloud Atlas,David Mitchell,"Mitchell, David",,"=""0375507256""","=""9780375507250""",0,4.00,Random House,Paperback,509,2004,2004,,2016/03/22,to-read,to-read (#68),to-read,,,,0,,,0,,,,,
17182126,"Steelheart (The Reckoners, #1)",Brandon Sanderson,"Sanderson, Brandon",,"=""0385743564""","=""9780385743563""",0,4.14,Delacorte Press,Hardcover,386,2013,2013,,2016/03/22,to-read,to-read (#67),to-read,,,,0,,,0,,,,,
7235533,"The Way of Kings (The Stormlight Archive, #1)",Brandon Sanderson,"Sanderson, Brandon",,"=""0765326353""","=""9780765326355""",0,4.64,Tor Books,Hardcover,1007,2010,2010,,2016/03/22,to-read,to-read (#66),to-read,,,,0,,,0,,,,,
13578175,The Emperor's Soul (The Cosmere),Brandon Sanderson,"Sanderson, Brandon",,"=""1616960922""","=""9781616960926""",0,4.35,Tachyon Publications,Paperback,175,2012,2012,,2016/03/22,to-read,to-read (#65),to-read,,,,0,,,0,,,,,
1215032,"The Wise Man's Fear (The Kingkiller Chronicle, #2)",Patrick Rothfuss,"Rothfuss, Patrick",,"=""0756404738""","=""9780756404734""",0,4.55,DAW Books,Hardcover,994,2011,2011,,2016/03/22,to-read,to-read (#64),to-read,,,,0,,,0,,,,,
3208556,Двенадцать стульев / Золотой телёнок,Ilya Ilf,"Ilf, Ilya","Yevgeny Petrov, Илья Ильф, Евгений Петров","=""""","=""""",4,4.66,Беларусь,Hardcover,526,1983,1931,,2013/07/14,,,read,,,,1,,,0,,,,,
27477328,Notre-Dame de Paris,Victor Hugo,"Hugo, Victor",,"=""""","=""""",0,4.00,StoryLab Classics,Kindle Edition,577,2015,1831,,2016/02/22,to-read,to-read (#43),to-read,,,,0,,,0,,,,,
5481,Brave New World Revisited,Aldous Huxley,"Huxley, Aldous",,"=""0060898526""","=""9780060898526""",0,3.95,Harper Perennial Modern Classics,Paperback,123,2006,1958,,2016/02/23,to-read,to-read (#63),to-read,,,,0,,,0,,,,,
5129,Brave New World,Aldous Huxley,"Huxley, Aldous",,"=""0060929871""","=""9780060929879""",0,3.99,HarperPerennial / Perennial Classics,Paperback,268,1998,1932,,2016/02/23,to-read,to-read (#62),to-read,,,,0,,,0,,,,,
823,"Quicksilver (The Baroque Cycle, #1)",Neal Stephenson,"Stephenson, Neal",,"=""0060593083""","=""9780060593087""",0,3.90,HarperCollins Perennial,Paperback,927,2004,2003,,2016/02/23,to-read,to-read (#61),to-read,,,,0,,,0,,,,,
816,Cryptonomicon,Neal Stephenson,"Stephenson, Neal",,"=""""","=""""",0,4.24,Avon,Mass Market Paperback,1152,2002,1999,,2016/02/23,to-read,to-read (#60),to-read,,,,0,,,0,,,,,
3974,The Terror,Dan Simmons,"Simmons, Dan",,"=""0316017442""","=""9780316017442""",0,4.05,"Little, Brown and Company",Hardcover,769,2007,2007,,2016/02/23,to-read,to-read (#58),to-read,,,,0,,,0,,,,,
190999,Way Station,Clifford D. Simak,"Simak, Clifford D.",,"=""0020248717""","=""9780020248712""",0,4.03,Collier Books,Paperback,210,1992,1963,,2016/02/23,to-read,to-read (#57),to-read,,,,0,,,0,,,,,
222093,City,Clifford D. Simak,"Simak, Clifford D.",,"=""188296828X""","=""9781882968282""",4,4.09,Old Earth Books,Hardcover,251,2008,1952,,2016/02/23,,,read,,,,1,,,0,,,,,
7613,Animal Farm,George Orwell,"Orwell, George","Boris Grabnar, Celâl Üster, Κυριάκος Ντελόπουλος, Τζωρτζ Όργουελ, Celâl Üstüner, Peter Škerl","=""0452284244""","=""9780452284241""",0,3.97,NAL,Paperback,122,2003,1945,,2016/02/23,to-read,to-read (#56),to-read,,,,0,,,0,,,,,
17800,Dance Dance Dance (The Rat #4),Haruki Murakami,"Murakami, Haruki",,"=""0099448769""","=""9780099448761""",0,4.05,Vintage,Paperback,393,2002,1988,,2016/02/23,to-read,to-read (#55),to-read,,,,0,,,0,,,,,
11298,"A Wild Sheep Chase (The Rat, #3)",Haruki Murakami,"Murakami, Haruki",Alfred Birnbaum,"=""037571894X""","=""9780375718946""",0,3.94,Vintage,Paperback,353,2002,1982,,2016/02/23,to-read,to-read (#54),to-read,,,,0,,,0,,,,,
591978,"Pinball, 1973 (The Rat, #2)",Haruki Murakami,"Murakami, Haruki",Alfred Birnbaum,"=""4061860127""","=""9784061860124""",0,3.53,Kodansha International Ltd.,Paperback,215,1980,1980,,2016/02/23,to-read,to-read (#53),to-read,,,,0,,,0,,,,,
226973,"Hear the Wind Sing (The Rat, #1)",Haruki Murakami,"Murakami, Haruki",Alfred Birnbaum,"=""4061860267""","=""9784061860261""",0,3.58,Kodansha International Ltd.,Paperback,130,1979,1979,,2016/02/23,to-read,to-read (#52),to-read,,,,0,,,0,,,,,
11275,The Wind-Up Bird Chronicle,Haruki Murakami,"Murakami, Haruki",Jay Rubin,"=""0965341984""","=""9780965341981""",0,4.16,Knopf,Paperback,607,1997,1994,,2016/02/23,to-read,to-read (#51),to-read,,,,0,,,0,,,,,
4929,Kafka on the Shore,Haruki Murakami,"Murakami, Haruki",Philip Gabriel,"=""1400079276""","=""9781400079278""",0,4.14,Vintage International,Paperback,467,2006,2002,,2016/02/23,to-read,to-read (#50),to-read,,,,0,,,0,,,,,
10357575,1Q84 (1Q84 #1-3),Haruki Murakami,"Murakami, Haruki","Jay Rubin, Philip Gabriel","=""0307593312""","=""9780307593313""",0,3.93,Knopf,Hardcover,925,2011,2009,,2016/02/23,to-read,to-read (#49),to-read,,,,0,,,0,,,,,
12497,No Country for Old Men,Cormac McCarthy,"McCarthy, Cormac",,"=""0375706674""","=""9780375706677""",0,4.12,Vintage,Paperback,309,2006,2005,,2016/02/23,to-read,to-read (#48),to-read,,,,0,,,0,,,,,
1430,Eleven Minutes,Paulo Coelho,"Coelho, Paulo",Margaret Jull Costa,"=""0060589280""","=""9780060589288""",0,3.70,HarperOne,Paperback,273,2003,2003,,2016/02/23,to-read,to-read (#47),to-read,,,,0,,,0,,,,,
5367,"The Great Book of Amber (The Chronicles of Amber, #1-10)",Roger Zelazny,"Zelazny, Roger",Tim          White,"=""0380809060""","=""9780380809066""",0,4.31,Avon-Eos,Paperback,1258,1999,1999,,2016/02/23,to-read,to-read (#46),to-read,,,,0,,,0,,,,,
16793,Stardust,Neil Gaiman,"Gaiman, Neil",,"=""0061142026""","=""9780061142024""",0,4.09,Harper Perennial,Paperback,248,2006,1998,,2016/02/22,to-read,to-read (#45),to-read,,,,0,,,0,,,,,
216363,The Man in the High Castle,Philip K. Dick,"Dick, Philip K.",,"=""0679740678""","=""9780679740674""",0,3.61,Vintage,Paperback,259,1992,1962,,2016/02/22,to-read,to-read (#44),to-read,,,,0,,,0,,,,,
7624,Lord of the Flies,William Golding,"Golding, William",,"=""0140283331""","=""9780140283334""",0,3.69,Penguin Books ,Paperback,182,1999,1954,,2016/02/22,to-read,to-read (#42),to-read,,,,0,,,0,,,,,
7629,The Good Soldier Švejk,Jaroslav Hašek,"Hašek, Jaroslav","Josef Lada, Lumír Nahodil, Cecil Parrott","=""0140449914""","=""9780140449914""",0,4.09,Penguin Classics,Paperback,752,2005,1921,,2016/02/22,to-read,to-read (#41),to-read,,,,0,,,0,,,,,
4981,Slaughterhouse-Five,Kurt Vonnegut Jr.,"Jr., Kurt Vonnegut",,"=""0385333846""","=""9780385333849""",0,4.08,Dial Press,Paperback,275,1999,1969,,2016/02/22,to-read,to-read (#40),to-read,,,,0,,,0,,,,,
360,"Mostly Harmless (Hitchhiker's Guide to the Galaxy, #5)",Douglas Adams,"Adams, Douglas",,"=""0345418778""","=""9780345418777""",0,3.96,Ballantine / Del Rey / Fawcett / Ivy,Mass Market Paperback,240,2000,1992,,2016/02/22,to-read,to-read (#39),to-read,,,,0,,,0,,,,,
8698,"So Long, and Thanks for All the Fish (Hitchhiker's Guide to the Galaxy, #4)",Douglas Adams,"Adams, Douglas",,"=""0330491237""","=""9780330491235""",0,4.09,Picador USA,Paperback,167,2002,1984,,2016/02/22,to-read,to-read (#38),to-read,,,,0,,,0,,,,,
8694,"Life, the Universe and Everything (Hitchhiker's Guide to the Galaxy, #3)",Douglas Adams,"Adams, Douglas",,"=""0345418905""","=""9780345418906""",0,4.19,Del Rey,Paperback,224,2005,1982,,2016/02/22,to-read,to-read (#37),to-read,,,,0,,,0,,,,,
83674,The Bridges of Madison County,Robert James Waller,"Waller, Robert James",,"=""0446364495""","=""9780446364492""",0,3.65,Grand Central Publishing,Mass Market Paperback,224,1995,1992,,2016/02/22,to-read,to-read (#36),to-read,,,,0,,,0,,,,,
15799416,The Childhood of Jesus,J.M. Coetzee,"Coetzee, J.M.",,"=""1846557267""","=""9781846557262""",0,3.45,Harvill Secker,Hardcover,288,2013,2013,,2016/01/07,to-read,to-read (#35),to-read,,,,0,,,0,,,,,
22557272,The Girl on the Train,Paula Hawkins,"Hawkins, Paula",,"=""1594633665""","=""9781594633669""",0,3.95,Riverhead Books,Hardcover,325,2015,2015,,2016/01/07,to-read,to-read (#34),to-read,,,,0,,,0,,,,,
8785374,"Snuff (Discworld, #39; City Watch #8)",Terry Pratchett,"Pratchett, Terry",,"=""038561926X""","=""9780385619264""",2,4.15,Doubleday UK,Hardcover,378,2011,2011,2015/12/21,2014/12/25,,,read,,,,1,,,0,,,,,
17333324,"Ancillary Justice (Imperial Radch, #1)",Ann Leckie,"Leckie, Ann",,"=""031624662X""","=""9780316246620""",0,3.98,Orbit,Paperback,416,2013,2013,,2015/12/19,to-read,to-read (#33),to-read,,,,0,,,0,,,,,
18423,"The Left Hand of Darkness (Hainish Cycle, #4)",Ursula K. Le Guin,"Guin, Ursula K. Le",,"=""""","=""""",0,4.09,Ace,Paperback,304,2000,1969,,2015/12/19,to-read,to-read (#32),to-read,,,,0,,,0,,,,,
48484,"Blindsight (Firefall, #1)",Peter Watts,"Watts, Peter",,"=""0765312182""","=""9780765312181""",0,4.01,Tor Books,Hardcover,384,2006,2006,,2015/12/19,to-read,to-read (#31),to-read,,,,0,,,0,,,,,
89187,"Revelation Space (Revelation Space, #1)",Alastair Reynolds,"Reynolds, Alastair",,"=""0441009425""","=""9780441009428""",0,3.99,Ace Books,Mass Market Paperback,585,2002,2000,,2015/12/19,to-read,to-read (#30),to-read,,,,0,,,0,,,,,
2845024,Anathem,Neal Stephenson,"Stephenson, Neal",,"=""0061474096""","=""9780061474095""",0,4.16,William Morrow,Hardcover,937,2008,2008,,2015/12/19,to-read,to-read (#29),to-read,,,,0,,,0,,,,,
5297,The Picture of Dorian Gray,Oscar Wilde,"Wilde, Oscar","Jeffrey Eugenides, Martha","=""""","=""""",0,4.10,Random House: Modern Library,Paperback,272,2004,1890,,2015/12/19,to-read,to-read (#28),to-read,,,,0,,,0,,,,,
18116,His Dark Materials (His Dark Materials #1-3),Philip Pullman,"Pullman, Philip",,"=""0440238609""","=""9780440238607""",0,4.27,Laurel Leaf Library,Mass Market Paperback,1088,2003,2000,,2015/12/19,to-read,to-read (#27),to-read,,,,0,,,0,,,,,
186074,"The Name of the Wind (The Kingkiller Chronicle, #1)",Patrick Rothfuss,"Rothfuss, Patrick",,"=""075640407X""","=""9780756404079""",0,4.52,Penguin Group DAW,Hardcover,662,2007,2007,,2015/12/19,to-read,to-read (#26),to-read,,,,0,,,0,,,,,
6250169,"Unseen Academicals (Discworld, #37; Rincewind #8)",Terry Pratchett,"Pratchett, Terry",,"=""0061161705""","=""9780061161704""",3,3.98,HarperCollins,Hardcover,417,2009,2009,2015/10/28,2014/12/25,,,read,,,,1,,,0,,,,,
64401,"Another Fine Myth (Myth Adventures, #1)",Robert Lynn Asprin,"Asprin, Robert Lynn",,"=""0441013465""","=""9780441013463""",0,4.03,Ace Books,Paperback,200,2005,1978,,2015/10/25,to-read,to-read (#25),to-read,,,,0,,,0,,,,,
375802,"Ender's Game (Ender's Saga, #1)",Orson Scott Card,"Card, Orson Scott",,"=""0812550706""","=""9780812550702""",0,4.30,Tor,Mass Market Paperback,324,2004,1985,,2015/10/21,to-read,to-read (#24),to-read,,,,0,,,0,,,,,
8695,"The Restaurant at the End of the Universe (Hitchhiker's Guide to the Galaxy, #2)",Douglas Adams,"Adams, Douglas",,"=""""","=""""",0,4.21,Del Rey,Paperback,250,2005,1980,,2015/10/15,to-read,to-read (#23),to-read,,,,0,,,0,,,,,
62530,"Thud! (Discworld, #34; City Watch #7)",Terry Pratchett,"Pratchett, Terry",,"=""""","=""""",4,4.33,Corgi,Paperback,439,2006,2005,2015/09/14,2014/12/25,,,read,,,,1,,,0,,,,,
22816087,Seveneves,Neal Stephenson,"Stephenson, Neal",,"=""""","=""""",0,3.99,William Morrow,Kindle Edition,880,2015,2015,,2015/08/05,to-read,to-read (#22),to-read,,,,0,,,0,,,,,
18302455,The Circle,Dave Eggers,"Eggers, Dave",,"=""""","=""""",0,3.43,Knopf,Hardcover,493,2013,2013,,2015/08/05,to-read,to-read (#21),to-read,,,,0,,,0,,,,,
830,Snow Crash,Neal Stephenson,"Stephenson, Neal",Guy Abadia,"=""0553380958""","=""9780553380958""",0,4.03,Bantam Books,Paperback,438,2000,1992,,2015/08/05,to-read,to-read (#20),to-read,,,,0,,,0,,,,,
18007564,The Martian,Andy Weir,"Weir, Andy",,"=""0804139024""","=""9780804139021""",0,4.40,Crown,Hardcover,384,2014,2011,,2015/08/05,to-read,to-read (#19),to-read,,,,0,,,0,,,,,
6058,The Road Back,Erich Maria Remarque,"Remarque, Erich Maria",,"=""1931541744""","=""9781931541749""",0,4.29,Simon Publications,Paperback,352,2001,1931,,2015/08/04,to-read,to-read (#18),to-read,,,,0,,,0,,,,,
499437,Shadows in Paradise,Erich Maria Remarque,"Remarque, Erich Maria",,"=""0449912485""","=""9780449912485""",0,4.15,Random House Trade Paperbacks,Paperback,400,1998,1971,,2015/08/04,to-read,to-read (#17),to-read,,,,0,,,0,,,,,
125432,The Night in Lisbon,Erich Maria Remarque,"Remarque, Erich Maria",Ralph Manheim,"=""0449912434""","=""9780449912430""",0,4.29,Random House Trade Paperbacks,Paperback,272,1998,1962,,2015/08/04,to-read,to-read (#16),to-read,,,,0,,,0,,,,,
68428,"The Final Empire (Mistborn, #1)",Brandon Sanderson,"Sanderson, Brandon",,"=""""","=""9780765311788""",0,4.46,Tor Books,Hardcover,541,2006,2006,,2015/08/04,to-read,to-read (#15),to-read,,,,0,,,0,,,,,
68427,"Elantris (Elantris, #1)",Brandon Sanderson,"Sanderson, Brandon",,"=""0765350378""","=""9780765350374""",0,4.18,Tor Fantasy,Mass Market Paperback,622,2006,2005,,2015/08/04,to-read,to-read (#14),to-read,,,,0,,,0,,,,,
28695,"City of Golden Shadow (Otherland, #1)",Tad Williams,"Williams, Tad",,"=""0886777631""","=""9780886777630""",0,3.92,DAW Books,Mass Market Paperback,780,1998,1996,,2015/08/04,to-read,to-read (#13),to-read,,,,0,,,0,,,,,
414895,Planet of the Apes,Pierre Boulle,"Boulle, Pierre",Xan Fielding,"=""0345447980""","=""9780345447982""",0,3.97,Del Rey,Paperback,268,2001,1963,,2015/08/04,to-read,to-read (#12),to-read,,,,0,,,0,,,,,
7082,Do Androids Dream of Electric Sheep?,Philip K. Dick,"Dick, Philip K.",Roger Zelazny,"=""0345404475""","=""9780345404473""",0,4.09,Del Rey / Ballantine Books,Paperback,244,1996,1968,,2015/08/04,to-read,to-read (#11),to-read,,,,0,,,0,,,,,
22328,"Neuromancer (Sprawl, #1)",William Gibson,"Gibson, William","Gianpaolo Cossato, Sandro Sandrelli, Franco Forte","=""""","=""""",0,3.90,Ace Books,Mass Market Paperback,271,1984,1984,,2015/08/04,to-read,to-read (#10),to-read,,,,0,,,0,,,,,
34501,"A Hat Full of Sky (Discworld, #32; Tiffany Aching, #2)",Terry Pratchett,"Pratchett, Terry",,"=""055255264X""","=""9780552552646""",4,4.29,Corgi Childrens,Paperback,352,2005,2004,2015/08/04,2014/12/25,,,read,,,,1,,,0,,,,,
16278318,Armada,Ernest Cline,"Cline, Ernest",,"=""0804137250""","=""9780804137256""",0,3.54,Crown Publishing ,Hardcover,355,2015,2015,,2015/07/20,to-read,to-read (#9),to-read,,,,0,,,0,,,,,
34534,"The Amazing Maurice and His Educated Rodents (Discworld, #28)",Terry Pratchett,"Pratchett, Terry",,"=""006001234X""","=""9780060012342""",4,4.03,HarperCollins,Hardcover,256,2001,2001,2015/06/10,2014/12/25,,,read,,,,1,,,0,,,,,
34503,The Last Hero (Discworld #27; Rincewind #7),Terry Pratchett,"Pratchett, Terry",Paul Kidby,"=""0060507772""","=""9780060507770""",2,4.16,Harper Voyager,Paperback,176,2002,2001,2015/05/21,2014/12/25,,,read,,,,1,,,0,,,,,
15817472,Возвращение со звезд,Stanisław Lem,"Lem, Stanisław","Станислав Лем, Е. Вайсброт, Р. Нудельман","=""""","=""9785170936144""",4,3.96,АСТ,Paperback,320,2015,1961,,2013/10/24,,,read,,,,1,,,0,,,,,
22886868,"The Shepherd's Crown (Discworld, #41; Tiffany Aching, #5)",Terry Pratchett,"Pratchett, Terry",Rob  Wilkins,"=""0062429973""","=""9780062429971""",0,4.37,Harper,Hardcover,276,2015,2015,,2014/12/25,to-read,to-read (#8),to-read,,,,0,,,0,,,,,
34504,"Wyrd Sisters (Discworld, #6; Witches #2)",Terry Pratchett,"Pratchett, Terry",,"=""0061020664""","=""9780061020667""",2,4.13,Hartorch,Mass Market Paperback,265,2001,1988,2014/05/23,2014/05/21,,,read,,,,1,,,0,,,,,
34507,"Equal Rites (Discworld, #3; Witches, #1)",Terry Pratchett,"Pratchett, Terry",,"=""0060855908""","=""9780060855901""",2,4.03,Harper Perennial,Paperback,240,2005,1987,2014/04/19,2014/04/14,,,read,,,,1,,,0,,,,,
34484,"Small Gods (Discworld, #13)",Terry Pratchett,"Pratchett, Terry",,"=""0552152978""","=""9780552152976""",4,4.30,Corgi,Paperback,400,2005,1992,2014/10/06,2014/08/27,,,read,,,,1,,,0,,,,,
4904977,"The Stranger (The Labyrinths of Echo, #1)",Max Frei,"Frei, Max",Polly Gannon,"=""1590200659""","=""9781590200650""",0,4.20,Harry N. Abrams,Hardcover,544,2009,1996,,2014/08/27,to-read,to-read (#7),to-read,,,,0,,,0,,,,,
25191,A Personal Matter,Kenzaburō Ōe,"Ōe, Kenzaburō",John Nathan,"=""0802150616""","=""9780802150615""",0,3.90,Grove Press,Paperback,165,1994,1964,,2014/08/27,to-read,to-read (#6),to-read,,,,0,,,0,,,,,
92365,Mysterious Skin,Scott Heim,"Heim, Scott",,"=""0060841699""","=""9780060841690""",0,4.09,Harper Perennial,Paperback,292,2005,1995,,2014/08/27,to-read,to-read (#5),to-read,,,,0,,,0,,,,,
22590,Ubik,Philip K. Dick,"Dick, Philip K.","David Alabort, Manuel Espín","=""8498000831""","=""9788498000832""",0,4.09,La factoría de ideas,Paperback,288,2006,1969,,2014/08/27,to-read,to-read (#4),to-read,,,,0,,,0,,,,,
164552,Selected Poems ,Boris Pasternak,"Pasternak, Boris","Борис Пастернак, Peter France, Jon Stallworthy","=""014018466X""","=""9780140184662""",0,4.23,Penguin Classics,Paperback,160,1992,1960,,2014/08/27,to-read,to-read (#3),to-read,,,,0,,,0,,,,,
99298,"The Harry Potter Collection 1-4 (Harry Potter, #1-4)",J.K. Rowling,"Rowling, J.K.",Mary GrandPré,"=""0439249546""","=""9780439249546""",0,4.69,"Scholastic, Inc.",Hardcover,1500,1999,1999,,2014/08/27,to-read,to-read (#2),to-read,,,,0,,,0,,,,,
2442,"Witches Abroad (Discworld, #12; Witches #3)",Terry Pratchett,"Pratchett, Terry",,"=""0061020613""","=""9780061020612""",4,4.22,HarperTorch,Mass Market Paperback,374,2002,1991,2014/08/27,2014/08/13,,,read,,,,1,,,0,,,,,
34517,"Reaper Man (Discworld, #11; Death, #2)",Terry Pratchett,"Pratchett, Terry",,"=""0552152951""","=""9780552152952""",3,4.27,Corgi,Paperback,352,2005,1991,2014/08/13,2014/08/02,,,read,,,,1,,,0,,,,,
279614,The Queen of Spades,Alexander Pushkin,"Pushkin, Alexander",H. Twitchell,"=""1557424373""","=""9781557424372""",2,3.94,Wildside Press,Paperback,52,2005,1834,,2013/05/24,,,read,,,,1,,,0,,,,,
2788786,Сказки роботов. Кибериада,Stanisław Lem,"Lem, Stanisław",Станислав Лем,"=""5170130171""","=""""",2,4.41,АСТ,Твердый переплет (Hardcover),640,2007,2007,,2013/11/26,,,read,,,,1,,,0,,,,,
356171,Summa technologiae,Stanisław Lem,"Lem, Stanisław",Friedrich Griese,"=""3518371789""","=""9783518371787""",1,4.33,Suhrkamp Verlag,Paperback,608,,1964,,2013/11/26,,,read,,,,1,,,0,,,,,
497121,Memoirs Found in a Bathtub,Stanisław Lem,"Lem, Stanisław","Christine  Rose, Michael Kandel","=""0156585855""","=""9780156585859""",3,3.77,Mariner Books,Paperback,204,1986,1961,2013/11/26,2013/11/15,,,read,,,,1,,,0,,,,,
2788842,Солярис. Эдем. Непобедимый,Stanisław Lem,"Lem, Stanisław",Станислав Лем,"=""5170130155""","=""9785170130153""",4,4.58,АСТ,Hardcover,608,2003,2003,,2013/10/24,,,read,,,,1,,,0,,,,,
78024,And Quiet Flows the Don,Mikhail Sholokhov,"Sholokhov, Mikhail",,"=""0460878905""","=""9780460878906""",3,4.10,Dent,Paperback,1408,1996,1928,,2013/10/14,,,read,,,,1,,,0,,,,,
251648,Return From the Stars,Stanisław Lem,"Lem, Stanisław",Barbara Marszal,"=""0156765934""","=""9780156765930""",4,3.96,Mariner Books,Paperback,256,1989,1961,,2013/10/14,,,read,,,,1,,,0,,,,,
2657,To Kill a Mockingbird,Harper Lee,"Lee, Harper",,"=""""","=""""",4,4.27,Harper Perennial Modern Classics ,Paperback,336,2006,1960,2013/08/22,2013/06/24,,,read,,,,1,,,0,,,,,
114599,"The Lady With the Little Dog and Other Stories, 1896-1904",Anton Chekhov,"Chekhov, Anton","Ronald Wilks, Paul Debreczney","=""0140447873""","=""9780140447873""",2,4.22,Penguin Classics,Paperback,384,2002,1904,,2013/07/31,,,read,,,,1,,,0,,,,,
320,One Hundred Years of Solitude,Gabriel García Márquez,"Márquez, Gabriel García",Gregory Rabassa,"=""""","=""""",2,4.10,Harper,Mass Market Paperback,417,2003,1967,,2013/07/23,,,read,,,,1,,,0,,,,,
54479,Around the World in Eighty Days,Jules Verne,"Verne, Jules","Brian W. Aldiss, Michael Glencross","=""014044906X""","=""9780140449068""",4,3.94,Penguin Books ,Paperback,252,2004,1872,,2013/07/14,,,read,,,,1,,,0,,,,,
197132,The Collected Poems,Sergei Yesenin,"Yesenin, Sergei",Gregory Brengauz,"=""0970580304""","=""9780970580306""",2,4.31,Floridian Publisher,,700,2000,1961,,2013/07/14,,,read,,,,1,,,0,,,,,
1544564,Алые паруса,Alexander Grin,"Grin, Alexander",Александр Степанович Грин,"=""5170261691""","=""9785170261697""",2,3.90,Пушкинская библиотека,Hardcover,400,2005,1922,,2013/07/14,,,read,,,,1,,,0,,,,,
13642,"A Wizard of Earthsea (Earthsea Cycle, #1)",Ursula K. Le Guin,"Guin, Ursula K. Le",,"=""0553383043""","=""9780553383041""",0,4.00,,Paperback,183,2004,1968,,2013/07/14,to-read,to-read (#1),to-read,,,,0,,,0,,,,,
76104,The Exploits of Sherlock Holmes,Adrian Conan Doyle,"Doyle, Adrian Conan",John Dickson Carr,"=""0517203383""","=""9780517203385""",4,4.42,Gramercy Books,Hardcover,338,1999,1954,,2013/07/14,,,read,,,,1,,,0,,,,,
8675052,Orphans of the Helix (Hyperion Cantos #4.5),Dan Simmons,"Simmons, Dan",,"=""""","=""""",3,3.78,Heyne Verlag,,46,2016,1999,,2013/07/07,,,read,,,,1,,,0,,,,,
229733,The White Guard,Mikhail Bulgakov,"Bulgakov, Mikhail",Michael Glenny,"=""0099490668""","=""9780099490661""",4,4.04,Vintage Books,Paperback,304,2006,1925,,2013/05/23,,,read,,,,1,,,0,,,,,
1243826,Ариэль,Alexander Belyaev,"Belyaev, Alexander",Александр Романович Беляев,"=""5948497844""","=""9785948497846""",3,3.97,ОЛМА-ПРЕСС Образование,Hardcover,241,2005,1941,,2013/05/29,,,read,,,,1,,,0,,,,,
1243799,The Amphibian,Alexander Belyaev,"Belyaev, Alexander",Aleksandr Beleaev,"=""5050006597""","=""9785050006592""",3,4.13,Raduga Publisher,Hardcover,127,1986,1928,,2013/05/29,,,read,,,,1,,,0,,,,,
15702977,Антоновские яблоки,Ivan Alekseyevich Bunin,"Bunin, Ivan Alekseyevich",Иван Алексеевич Бунин,"=""""","=""""",2,3.65,Детская литература. Москва,Hardcover,368,1985,1900,,2013/05/29,,,read,,,,1,,,0,,,,,
196865,Demon,Mikhail Lermontov,"Lermontov, Mikhail",Dennis Ward,"=""1853993166""","=""9781853993169""",3,4.22,Bristol Classical Press,Paperback,104,1998,1839,,2013/05/29,,,read,,,,1,,,0,,,,,
1198981,Приключения Незнайки,Nikolay Nosov,"Nosov, Nikolay",,"=""5955504605""","=""""",3,4.24,Drofa Plus ,Hardcover,528,2005,1953,,2013/05/29,,,read,,,,1,,,0,,,,,
97390,Горе от ума,Alexander Griboyedov,"Griboyedov, Alexander",Александр Сергеевич Грибоедов,"=""5080039159""","=""9785080039157""",2,4.14,Детская литература,Hardcover,206,2001,1825,,2013/05/29,,,read,,,,1,,,0,,,,,
10031,The Wall,Jean-Paul Sartre,"Sartre, Jean-Paul",,"=""184391400X""","=""9781843914006""",3,4.08,Hesperus Press,Paperback,183,2005,1939,,2013/05/29,,,read,,,,1,,,0,,,,,
879879,Mumu,Ivan Turgenev,"Turgenev, Ivan",,"=""1425469272""","=""9781425469276""",1,3.77,Kessinger Publishing,Paperback,60,2005,1852,,2013/05/29,,,read,,,,1,,,0,,,,,
28458,Sketches from a Hunter's Album,Ivan Turgenev,"Turgenev, Ivan",Richard Freeborn,"=""0140445226""","=""9780140445220""",1,3.95,Penguin Classics,Paperback,403,1990,1852,,2013/05/29,,,read,,,,1,,,0,,,,,
3532,First Love,Ivan Turgenev,"Turgenev, Ivan",Constance Garnett,"=""0974607894""","=""9780974607894""",1,3.78,Melville House Publishing,Paperback,124,2004,1860,,2013/05/29,,,read,,,,1,,,0,,,,,
805632,"The Garnet Bracelet, and Other Stories",Aleksandr Kuprin,"Kuprin, Aleksandr",,"=""1410102351""","=""9781410102355""",2,4.13,Fredonia Books (NL),Paperback,388,2003,1910,,2013/05/29,,,read,,,,1,,,0,,,,,
1243899,"Золотой Ключик, или Приключения Буратино",Aleksey Nikolayevich Tolstoy,"Tolstoy, Aleksey Nikolayevich",,"=""5699009965""","=""""",2,4.05,,,128,,1936,,2013/05/29,,,read,,,,1,,,0,,,,,
99107,"Winnie-the-Pooh (Winnie-the-Pooh, #1)",A.A. Milne,"Milne, A.A.",Ernest H. Shepard,"=""0525467564""","=""9780525467564""",3,4.34,Dutton Juvenile,Hardcover,161,2001,1926,,2013/05/29,,,read,,,,1,,,0,,,,,
1848444,"A Scandal in Bohemia (The Adventures of Sherlock Holmes, #1)",Ronald  Holt,"Holt, Ronald",Arthur Conan Doyle,"=""0582416396""","=""9780582416390""",4,4.23,Addison Wesley Publishing Company,Paperback,85,2000,1891,,2013/05/29,,,read,,,,1,,,0,,,,,
608474,"The Sign of Four (Sherlock Holmes, #2)",Arthur Conan Doyle,"Doyle, Arthur Conan",Peter Ackroyd,"=""0140439072""","=""9780140439076""",4,3.92,Penguin Books,Paperback,129,2001,1890,,2013/05/29,,,read,,,,1,,,0,,,,,
194373,"The Memoirs of Sherlock Holmes (Sherlock Holmes, #4)",Arthur Conan Doyle,"Doyle, Arthur Conan","Christopher Roden, Owen Dudley Edwards","=""""","=""""",4,4.31,Oxford University Press,Hardcover,321,1993,1893,,2013/05/29,,,read,,,,1,,,0,,,,,
3586,The Complete Sherlock Holmes: Volume II,Arthur Conan Doyle,"Doyle, Arthur Conan",Kyle Freeman,"=""1593082045""","=""9781593082048""",4,4.47,Barnes  Noble Classics,Hardcover,709,2004,1914,,2013/05/29,,,read,,,,1,,,0,,,,,
8921,"The Hound of the Baskervilles (Sherlock Holmes, #5)",Arthur Conan Doyle,"Doyle, Arthur Conan","Anne Perry, Martha, Mark Hallaq","=""""","=""""",4,4.13,Signet,Mass Market Paperback,256,2001,1901,,2013/05/29,,,read,,,,1,,,0,,,,,
188572,The Complete Sherlock Holmes,Arthur Conan Doyle,"Doyle, Arthur Conan",,"=""""","=""""",4,4.49,Bantam Classics,Paperback,1796,1986,1894,,2013/05/29,,,read,,,,1,,,0,,,,,
49552,The Stranger,Albert Camus,"Camus, Albert",Matthew  Ward,"=""""","=""""",4,4.00,Vintage International,Paperback,123,1989,1942,,2013/05/29,,,read,,,,1,,,0,,,,,
11991,The Fall,Albert Camus,"Camus, Albert","Justin O'Brien, يارا شعاع","=""0679720227""","=""9780679720225""",3,4.04,Vintage,Paperback,147,1991,1956,,2013/05/29,,,read,,,,1,,,0,,,,,
11989,The Plague,Albert Camus,"Camus, Albert","Stuart Gilbert, Ersílio Cardoso, Альбер Камю, Valery Rumjanek, Susana Cordero Espinosa","=""""","=""""",2,4.02,Vintage International,Paperback,308,1991,1947,,2013/05/29,,,read,,,,1,,,0,,,,,
7144,Crime and Punishment,Fyodor Dostoevsky,"Dostoevsky, Fyodor","David McDuff, Nina Guerra, Martha, Filipe Guerra","=""0143058142""","=""9780143058144""",4,4.24,Penguin,Paperback,671,2002,1866,,2013/05/29,,,read,,,,1,,,0,,,,,
2932,"Robinson Crusoe (Robinson Crusoe, #1)",Daniel Defoe,"Defoe, Daniel","Virginia Woolf, Franciszek Mirandola, Samuli Suomalainen","=""""","=""""",3,3.68,Modern Library,Paperback,320,2001,1719,,2013/05/29,,,read,,,,1,,,0,,,,,
13248,The Lower Depths,Maxim Gorky,"Gorky, Maxim",Jenny Covan,"=""048641115X""","=""9780486411156""",2,3.77,Dover Publications,Paperback,80,2016,1902,,2013/05/29,,,read,,,,1,,,0,,,,,
440799,The Madman of Bergerac,Georges Simenon,"Simenon, Georges",Geoffrey Sainsbury,"=""0143111965""","=""9780143111962""",3,3.76,Penguin Books,Paperback,176,2007,1932,,2013/05/24,,,read,,,,1,,,0,,,,,
32831,The Mysterious Island,Jules Verne,"Verne, Jules","Caleb Carr, Jordan Stump","=""0812972120""","=""9780812972122""",3,4.12,Modern Library,Mass Market Paperback,723,2004,1875,,2013/05/24,,,read,,,,1,,,0,,,,,
33507,Twenty Thousand Leagues Under the Sea,Jules Verne,"Verne, Jules","Anthony Bonner, Jakob Gunnarsson","=""076072850X""","=""9780760728505""",3,3.89,Barnes & Noble,Hardcover,394,2002,1870,,2013/05/24,,,read,,,,1,,,0,,,,,
13636478,Poems and Odes,Gavrila Derzhavin,"Derzhavin, Gavrila",,"=""5352017567""","=""""",1,3.20,Азбука,Paperback,320,2006,1982,,2013/05/24,,,read,,,,1,,,0,,,,,
15722430,Г. Р. Державин. Стихотворения,Gavrila Derzhavin,"Derzhavin, Gavrila",,"=""""","=""""",1,3.33,Карелия,Hardcover,208,1984,1984,,2013/05/24,,,read,,,,1,,,0,,,,,
385028,Ruslan and Ludmila,Alexander Pushkin,"Pushkin, Alexander",,"=""5050047730""","=""9785050047731""",2,4.08,ЭКСМО,Hardcover,134,2000,1820,,2013/05/24,,,read,,,,1,,,0,,,,,
97385,Tales of Belkin and Other Prose Writings,Alexander Pushkin,"Pushkin, Alexander","Ronald Wilks, John Bayley","=""0140446753""","=""9780140446753""",2,4.26,Penguin Classics,Paperback,224,1998,1836,,2013/05/24,,,read,,,,1,,,0,,,,,
97381,The Queen of Spades and Other Stories,Alexander Pushkin,"Pushkin, Alexander","Andrew Kahn, Alan Myers","=""0192839543""","=""9780192839541""",2,4.12,Oxford University Press,Paperback,336,1999,1834,,2013/05/24,,,read,,,,1,,,0,,,,,
111750,The Tale of Tsar Saltan,Alexander Pushkin,"Pushkin, Alexander",Gennady Spirin,"=""0803720017""","=""9780803720015""",2,4.23,Dial Books,Hardcover,32,1996,1831,,2013/05/24,,,read,,,,1,,,0,,,,,
604578,The Captain's Daughter,Alexander Pushkin,"Pushkin, Alexander",Robert Chandler,"=""184391154X""","=""9781843911548""",2,3.84,Hesperus Press,Paperback,124,2007,1836,,2013/05/24,,,read,,,,1,,,0,,,,,
2937227,Бородино,Mikhail Lermontov,"Lermontov, Mikhail",Михаил Лермонтов,"=""5329010080""","=""""",2,4.16,Оникс,Hardcover,64,2004,1837,,2013/05/24,,,read,,,,1,,,0,,,,,
5759,Fight Club,Chuck Palahniuk,"Palahniuk, Chuck",,"=""0393327345""","=""9780393327342""",4,4.19,W.W. Norton & Company (NYC),Paperback,218,2005,1996,,2013/05/24,,,read,,,,1,,,0,,,,,
29059,Choke,Chuck Palahniuk,"Palahniuk, Chuck",Matteo Colombo,"=""0385720920""","=""9780385720922""",2,3.70,Anchor Books,Paperback,293,2002,2001,,2013/05/24,,,read,,,,1,,,0,,,,,
2687841,Мцыри,Mikhail Lermontov,"Lermontov, Mikhail",Михаил Лермонтов,"=""0855362235""","=""9780855362232""",4,3.95,,,27,,1839,,2013/05/24,,,read,,,,1,,,0,,,,,
799266,"The Sorrows of Satan; or, The Strange Experience of One Geoffrey Tempest, Millionaire",Marie Corelli,"Corelli, Marie",,"=""0192832204""","=""9780192832207""",4,3.95,"Oxford University Press, USA",Paperback,416,1996,1895,,2013/05/24,,,read,,,,1,,,0,,,,,
333657,The Storm,Aleksandr Ostrovsky,"Ostrovsky, Aleksandr",,"=""1406938556""","=""9781406938555""",1,3.64,Hard Press,Paperback,104,2006,1859,,2013/05/24,,,read,,,,1,,,0,,,,,
10664113,"A Dance with Dragons (A Song of Ice and Fire, #5)",George R.R. Martin,"Martin, George R.R.",,"=""""","=""""",3,4.32,Bantam,Kindle Edition,1125,2011,2011,,2013/03/05,,,read,,,,1,,,0,,,,,
62291,"A Storm of Swords (A Song of Ice and Fire, #3)",George R.R. Martin,"Martin, George R.R.",,"=""055357342X""","=""9780553573428""",4,4.54,Bantam,Mass Market Paperback,1177,2003,2000,,2013/03/05,,,read,,,,1,,,0,,,,,
13497,"A Feast for Crows (A Song of Ice and Fire, #4)",George R.R. Martin,"Martin, George R.R.",,"=""055358202X""","=""9780553582024""",3,4.14,Bantam Books,Mass Market Paperback,1061,2011,2005,,2013/03/05,,,read,,,,1,,,0,,,,,
13496,"A Game of Thrones (A Song of Ice and Fire, #1)",George R.R. Martin,"Martin, George R.R.",,"=""0553588486""","=""9780553588484""",4,4.44,Bantam,Mass Market Paperback,835,2005,1996,,2013/03/05,,,read,,,,1,,,0,,,,,
4085611,"Багдадский вор (Багдадский вор, #1)",Андрей Белянин,"Белянин, Андрей",Андрей Зарецкий,"=""5935561719""","=""""",4,3.82,Альфа-книга,Hardcover,438,2004,2002,,2013/05/23,,,read,,,,1,,,0,,,,,
13416868,"Меч без имени (Меч без имени, #1)",Андрей Белянин,"Белянин, Андрей","Вадим Максимов, Анна Кожевникова","=""5763206703""","=""9785763206708""",3,3.99,Армада,Hardcover,352,1998,1997,,2013/05/23,,,read,,,,1,,,0,,,,,
24280,Les Misérables,Victor Hugo,"Hugo, Victor","Norman MacAfee, Lee Fahnestock","=""""","=""""",3,4.19,Penguin,Mass Market Paperback,1463,1987,1862,,2013/05/23,,,read,,,,1,,,0,,,,,
28381,Dead Souls,Nikolai Gogol,"Gogol, Nikolai",Robert A. Maguire,"=""0140448071""","=""9780140448078""",4,3.98,Penguin Classics,Paperback,464,2004,1842,,2013/05/20,,,read,,,,1,,,0,,,,,
4531917,Morphine,Mikhail Bulgakov,"Bulgakov, Mikhail",بابک شهاب,"=""""","=""""",4,4.06,,,80,2008,1926,,2013/05/23,,,read,,,,1,,,0,,,,,
47323,The Fatal Eggs,Mikhail Bulgakov,"Bulgakov, Mikhail","Hugh Aplin, Doris Lessing, Михаил Булгаков","=""1843914115""","=""9781843914112""",4,3.77,Hesperus Press,Paperback,104,2005,1923,,2013/05/23,,,read,,,,1,,,0,,,,,
897363,A Country Doctor's Notebook,Mikhail Bulgakov,"Bulgakov, Mikhail",Михаил Булгаков,"=""1860461654""","=""9781860461651""",4,4.30,Harvill Press,Paperback,158,2003,1925,,2013/05/23,,,read,,,,1,,,0,,,,,
117833,The Master and Margarita,Mikhail Bulgakov,"Bulgakov, Mikhail","Katherine Tiernan O'Connor, Hans Fronius, Diana Lewis Burgin, Ellendea Proffer","=""0679760806""","=""9780679760801""",5,4.30,Vintage International,Paperback,372,1996,1967,,2013/05/23,,,read,,,,1,,,0,,,,,
13639513,"Джек Сумасшедший король (Джек Сумасшедший король, #1-3)",Андрей Белянин,"Белянин, Андрей",,"=""576320851X""","=""9785763208511""",1,3.94,Альфа-книга,Hardcover,412,1999,1996,,2013/05/23,,,read,,,,1,,,0,,,,,
13638793,"Моя жена — ведьма (Моя жена — ведьма, #1)",Андрей Белянин,"Белянин, Андрей",Илья Воронин,"=""5763210026""","=""9785763210026""",3,3.80,Альфа-книга,Hardcover,476,1999,1999,,2013/05/23,,,read,,,,1,,,0,,,,,
12381040,"Тайный сыск царя Гороха (Тайный сыск царя Гороха, #1)",Андрей Белянин,"Белянин, Андрей",,"=""5763210093""","=""""",2,3.89,Альфа-книга,Hardcover,450,2001,1999,,2013/05/23,,,read,,,,1,,,0,,,,,
13416872,"Век святого Скиминока (Меч без имени, #3)",Андрей Белянин,"Белянин, Андрей","Вадим Максимов, Анна Кожевникова","=""599220203X""","=""9785992202038""",3,4.06,Альфа-книга,Hardcover,411,1999,1998,,2013/05/23,,,read,,,,1,,,0,,,,,
13416876,"Свирепый ландграф (Меч без имени, #2)",Андрей Белянин,"Белянин, Андрей","Вадим Максимов, Анна Кожевникова","=""599220072X""","=""9785992200720""",3,4.02,Альфа-книга,Hardcover,395,2008,1998,,2013/05/23,,,read,,,,1,,,0,,,,,
142262,The Inspector General,Nikolai Gogol,"Gogol, Nikolai","George Rapall Noyes, John Laurence Seymour","=""0486285006""","=""9780486285009""",3,3.98,Dover Publications,Paperback,80,2011,1835,,2013/05/20,,,read,,,,1,,,0,,,,,
537094,The Overcoat,Nikolai Gogol,"Gogol, Nikolai",,"=""1419176528""","=""9781419176524""",3,4.15,Kessinger Publishing,Paperback,57,2004,1842,,2013/05/20,,,read,,,,1,,,0,,,,,
19104,The Overcoat and Other Short Stories,Nikolai Gogol,"Gogol, Nikolai",,"=""0486270572""","=""9780486270579""",3,4.20,Dover Publications,Paperback,103,1992,1836,,2013/05/20,,,read,,,,1,,,0,,,,,
10374,Hard-Boiled Wonderland and the End of the World,Haruki Murakami,"Murakami, Haruki",Alfred Birnbaum,"=""""","=""""",4,4.14,Vintage,Paperback,400,2003,1985,,2013/05/20,,,read,,,,1,,,0,,,,,
333538,The Castle,Franz Kafka,"Kafka, Franz","Mark Harman, J.A. Underwood","=""0805211063""","=""9780805211061""",3,3.95,Schocken,Paperback,316,1998,1926,,2013/05/20,,,read,,,,1,,,0,,,,,
251633,The Invincible,Stanisław Lem,"Lem, Stanisław",Wendayne Ackerman,"=""0283979623""","=""9780283979620""",4,4.15,Sidgwick & Jackson (London),Paperback,223,1973,1964,,2013/05/20,,,read,,,,1,,,0,,,,,
77566,"Hyperion (Hyperion Cantos, #1)",Dan Simmons,"Simmons, Dan",Gary Ruddell,"=""0553283685""","=""9780553283686""",5,4.24,Bantam Doubleday Dell Publishing Group,Mass Market Paperback,500,1990,1989,,2013/05/20,,,read,,,,1,,,0,,,,,
13888,"Knife of Dreams (The Wheel of Time, #11)",Robert Jordan,"Jordan, Robert",,"=""0812577566""","=""9780812577563""",4,4.16,Tom Doherty Associates,Mass Market Paperback,860,2006,2005,,2013/05/19,,,read,,,,1,,,0,,,,,
13891,"Winter's Heart (The Wheel of Time, #9)",Robert Jordan,"Jordan, Robert",,"=""081257558X""","=""9780812575583""",4,3.95,Tor Fantasy,Mass Market Paperback,780,2002,2000,,2013/03/05,,,read,,,,1,,,0,,,,,
34897,"The Dragon Reborn (The Wheel of Time, #3)",Robert Jordan,"Jordan, Robert",,"=""0765305119""","=""9780765305114""",4,4.26,Tor Books,Mass Market Paperback,624,2002,1991,,2013/03/05,,,read,,,,1,,,0,,,,,
233649,"The Great Hunt (The Wheel of Time, #2)",Robert Jordan,"Jordan, Robert",,"=""0812517725""","=""9780812517729""",4,4.25,Tor Books,Mass Market Paperback,705,1991,1990,,2013/03/05,,,read,,,,1,,,0,,,,,
228665,"The Eye of the World (The Wheel of Time, #1)",Robert Jordan,"Jordan, Robert",,"=""0812511816""","=""9780812511819""",4,4.18,Tor Books,Mass Market Paperback,800,1990,1990,,2013/03/05,,,read,,,,1,,,0,,,,,
6498889,Малыш. Парень из преисподней,Arkady Strugatsky,"Strugatsky, Arkady",Boris Strugatsky,"=""""","=""9785170579297""",4,4.13,"АСТ, АСТ Москва, Terra Fantastica, ВКТ",Hardcover,288,2009,2009,,2013/02/12,,,read,,,,1,,,0,,,,,
50269,The Sebastopol Sketches,Leo Tolstoy,"Tolstoy, Leo",David McDuff,"=""0140444688""","=""9780140444681""",2,3.87,Penguin Classics,Paperback,192,1986,1855,,2013/02/12,,,read,,,,1,,,0,,,,,
18135,Romeo and Juliet,William Shakespeare,"Shakespeare, William","Paul Werstine, Barbara A. Mowat","=""""","=""""",3,3.75,Washington Square Press,Mass Market Paperback,281,2002,1597,,2010/08/26,,,read,,,,1,,,0,,,,,
